chromosome,start_location,occurrence
chr20,25582474.0,33309.0
chr22,19908905.0,32221.0
chrX,123779988.0,26574.0
chr15,93201884.0,25840.0
chr5,56310211.0,25370.0
chr5,66617637.0,25229.0
chr12,102120832.0,23779.0
chr10,60310991.0,22945.0
chr4,26608642.0,22051.0
chr3,51358685.0,20313.0
chr17,39910414.0,19930.0
chr12,2160073.0,19781.0
chr17,29510599.0,19600.0
chr16,12815205.0,19396.0
chr12,45625637.0,19329.0
chr11,62674828.0,18845.0
chr15,75613762.0,18235.0
chr10,11696177.0,17633.0
chr6,138374035.0,15987.0
chr7,73928398.0,15985.0
chr6,6888683.0,15966.0
chr8,16543840.0,15379.0
chr7,150906196.0,15300.0
chr15,89069309.0,15211.0
chr6,156806511.0,15038.0
chr6,15088994.0,14990.0
chr6,52270786.0,14943.0
chr14,31878753.0,14909.0
chr1,70675078.0,14156.0
chr1,25117940.0,13799.0
chr7,105888051.0,13715.0
chr9,98045163.0,13351.0
chr7,92633610.0,13206.0
chr1,22944278.0,13145.0
chr22,22006061.0,12594.0
chr1,40394168.0,12584.0
chr16,2350903.0,12354.0
chr10,63665880.0,12345.0
chr1,12537416.0,12060.0
chr5,42982762.0,11917.0
chr6,151054831.0,11890.0
chrX,24510390.0,11786.0
chr1,90387053.0,11772.0
chr5,43051814.0,11731.0
chr8,94625562.0,11720.0
chr8,38141131.0,11294.0
chr7,77290772.0,11223.0
chr5,120201307.0,11148.0
chr8,106658873.0,11114.0
chr1,207317240.0,10991.0
chr21,14762786.0,10892.0
chr6,134419744.0,10790.0
chr1,116814928.0,10758.0
chr8,141264096.0,10601.0
chr17,75135372.0,10566.0
chr14,92222430.0,10487.0
chr7,74584481.0,10350.0
chr4,95188996.0,10240.0
chr6,158637449.0,10150.0
chrX,113039994.0,10110.0
chr16,35416083.0,10107.0
chr17,42242935.0,10101.0
chr6,11655688.0,10098.0
chr22,45162024.0,10084.0
chr10,78391849.0,10005.0
chr5,86878070.0,9990.0
chr9,70493449.0,9882.0
chr11,27957392.0,9881.0
chr4,77129470.0,9656.0
chr5,175688618.0,9586.0
chr8,25825029.0,9571.0
chr1,826009.0,9466.0
chr21,41809694.0,9422.0
chr19,56185554.0,9397.0
chr9,126979050.0,9328.0
chr7,100874601.0,9316.0
chr10,11521953.0,9259.0
chr14,91497088.0,9252.0
chr3,196140293.0,9190.0
chr7,39708115.0,9185.0
chr8,37674498.0,9130.0
chr5,17934826.0,9111.0
chr13,108789330.0,9091.0
chr3,32569259.0,9006.0
chr1,211898095.0,8994.0
chr1,54289146.0,8984.0
chr6,143450314.0,8960.0
chr17,76441133.0,8907.0
chr1,180591857.0,8900.0
chr16,85040864.0,8880.0
chr10,62023461.0,8845.0
chr5,139563434.0,8841.0
chr2,173999774.0,8835.0
chr16,21708926.0,8764.0
chr6,158001898.0,8741.0
chr14,88076836.0,8710.0
chr4,112056325.0,8668.0
chr1,45485964.0,8650.0
chrX,13698473.0,8627.0
chr10,34494645.0,8617.0
chr1,6766418.0,8608.0
chr17,57779097.0,8583.0
chr3,46525902.0,8527.0
chr18,58871991.0,8493.0
chr20,2781839.0,8488.0
chr6,135230887.0,8475.0
chr16,81275025.0,8443.0
chr18,48824570.0,8405.0
chr4,146390985.0,8396.0
chr11,33246965.0,8338.0
chr2,225469346.0,8329.0
chr21,35485333.0,8299.0
chr6,34443408.0,8296.0
chr15,59209149.0,8114.0
chr15,82849859.0,8094.0
chr4,10455838.0,8033.0
chr16,113383.0,7996.0
chr6,6684488.0,7984.0
chr9,97751366.0,7936.0
chr20,31409117.0,7929.0
chr4,24565160.0,7892.0
chr16,17447868.0,7876.0
chr15,84959907.0,7811.0
chr4,138537729.0,7808.0
chr5,125936670.0,7801.0
chr3,19638420.0,7795.0
chr10,92753356.0,7785.0
chr19,38108663.0,7771.0
chr1,180241294.0,7695.0
chr15,26074571.0,7661.0
chrX,22191039.0,7655.0
chrX,89550249.0,7595.0
chr5,140185590.0,7575.0
chr15,51776636.0,7563.0
chr17,8174634.0,7551.0
chr2,42310787.0,7483.0
chr22,19408037.0,7474.0
chr14,29650545.0,7442.0
chr7,139395498.0,7429.0
chr7,94366397.0,7420.0
chr6,13395206.0,7347.0
chr3,11114342.0,7345.0
chr2,177225628.0,7340.0
chr2,158056806.0,7334.0
chr9,123441727.0,7272.0
chr20,33401651.0,7224.0
chr8,128203700.0,7205.0
chr6,136735210.0,7186.0
chr5,160156405.0,7165.0
chr12,51165625.0,7164.0
chr7,88218293.0,7136.0
chr7,8021039.0,7133.0
chr2,55653408.0,7095.0
chr1,27801640.0,7076.0
chr17,60085366.0,7072.0
chr6,143569926.0,7057.0
chr3,138660101.0,7054.0
chr16,21553690.0,7014.0
chr11,96362117.0,7011.0
chr1,248890362.0,7006.0
chr6,68758195.0,7003.0
chr11,9564730.0,6981.0
chr1,202803376.0,6969.0
chr7,77477284.0,6936.0
chr8,98529982.0,6932.0
chrX,15513838.0,6915.0
chr2,43174564.0,6901.0
chr4,85777167.0,6856.0
chr1,151774899.0,6850.0
chr6,135314109.0,6823.0
chr18,31946896.0,6795.0
chr4,150943573.0,6787.0
chr10,106823907.0,6772.0
chr10,22672673.0,6756.0
chr3,24348023.0,6736.0
chr17,50708781.0,6704.0
chr1,27867252.0,6679.0
chr8,82429109.0,6674.0
chr1,6148522.0,6670.0
chr6,27135308.0,6668.0
chr5,123467714.0,6658.0
chr1,165641931.0,6642.0
chr7,43759830.0,6604.0
chr14,39111888.0,6603.0
chr10,117308473.0,6595.0
chr11,10915068.0,6574.0
chr4,83588139.0,6560.0
chr12,131040327.0,6559.0
chr6,159988217.0,6557.0
chr18,47999802.0,6546.0
chr3,123452596.0,6537.0
chr1,161505439.0,6524.0
chr7,77965157.0,6482.0
chr11,132667013.0,6458.0
chr12,49264397.0,6452.0
chr10,80775171.0,6451.0
chr6,166865700.0,6447.0
chr5,142877582.0,6446.0
chr14,37175225.0,6423.0
chrX,44915238.0,6423.0
chr10,28987186.0,6405.0
chr6,137818629.0,6404.0
chr5,61770106.0,6391.0
chr12,45296120.0,6372.0
chr11,59544950.0,6355.0
chr7,90076186.0,6332.0
chr6,142704443.0,6291.0
chr10,100008469.0,6268.0
chr16,84699065.0,6256.0
chr10,18595376.0,6242.0
chr6,83131232.0,6209.0
chr12,18208540.0,6188.0
chr7,148506241.0,6154.0
chr2,190879975.0,6153.0
chr17,64427478.0,6137.0
chr7,128459446.0,6127.0
chr8,85959991.0,6121.0
chrX,69099549.0,6121.0
chr3,130412553.0,6114.0
chr11,33281974.0,6075.0
chr2,132587635.0,6052.0
chr1,226784125.0,6031.0
chr8,11295039.0,6023.0
chr15,58104818.0,6021.0
chr17,1773873.0,6017.0
chr3,12949961.0,6010.0
chr6,108757417.0,5994.0
chr16,12612890.0,5987.0
chr7,45159121.0,5975.0
chr7,135281884.0,5973.0
chr4,67576544.0,5949.0
chr5,159238755.0,5948.0
chr2,132690954.0,5938.0
chr7,7763816.0,5932.0
chr6,119628658.0,5901.0
chr19,5983573.0,5883.0
chr12,113411025.0,5855.0
chr3,186938349.0,5818.0
chr6,10748904.0,5803.0
chr16,3833121.0,5767.0
chr10,11166921.0,5760.0
chr10,68334781.0,5739.0
chr7,13980206.0,5722.0
chr5,134521949.0,5722.0
chr7,92683752.0,5715.0
chr20,63876495.0,5714.0
chr1,182841000.0,5704.0
chr12,91864478.0,5693.0
chr2,171527009.0,5692.0
chr11,120547719.0,5678.0
chr18,22295290.0,5671.0
chr3,113736882.0,5669.0
chr16,81319866.0,5667.0
chr6,100228244.0,5646.0
chr9,123005542.0,5644.0
chr5,12647505.0,5594.0
chr1,39858952.0,5586.0
chr9,4738478.0,5577.0
chr6,129808036.0,5564.0
chr2,68288848.0,5550.0
chr17,43367996.0,5543.0
chr1,74195554.0,5533.0
chr18,9805456.0,5528.0
chr3,177146088.0,5526.0
chr10,85242043.0,5508.0
chr2,215618915.0,5507.0
chr5,50154786.0,5506.0
chr1,76914604.0,5505.0
chr13,67158358.0,5501.0
chr6,136964760.0,5493.0
chr4,122820787.0,5491.0
chr6,159316795.0,5480.0
chr12,122881521.0,5473.0
chr5,140116172.0,5461.0
chr1,109991891.0,5451.0
chr3,44476314.0,5435.0
chr18,77834505.0,5432.0
chr2,230440588.0,5430.0
chr2,199218451.0,5429.0
chr2,62205526.0,5424.0
chr5,139464338.0,5424.0
chr1,212822282.0,5422.0
chr12,70444668.0,5419.0
chr9,87599924.0,5412.0
chr16,85044109.0,5402.0
chr9,100031673.0,5380.0
chr4,20426521.0,5377.0
chr15,38601281.0,5369.0
chr13,47220106.0,5365.0
chr5,81615410.0,5361.0
chr8,101701922.0,5360.0
chr3,183411828.0,5357.0
chr1,113914107.0,5348.0
chr21,33587508.0,5342.0
chr1,233556738.0,5340.0
chr12,23457933.0,5334.0
chr7,121026567.0,5289.0
chr14,52729638.0,5288.0
chr14,96562631.0,5283.0
chr11,110808293.0,5281.0
chr5,108749699.0,5263.0
chr9,116452386.0,5251.0
chr3,187747257.0,5241.0
chr2,85548255.0,5238.0
chr3,116447197.0,5207.0
chr1,95138426.0,5198.0
chr17,14123858.0,5185.0
chr4,79231086.0,5161.0
chr10,34503055.0,5135.0
chr19,11344595.0,5134.0
chr16,69467801.0,5130.0
chr5,165437356.0,5073.0
chr13,50408444.0,5072.0
chr6,70150974.0,5069.0
chr1,167937609.0,5069.0
chr17,60760148.0,5058.0
chr20,22329268.0,5047.0
chr6,161575073.0,5033.0
chr1,52643262.0,5013.0
chr2,215808542.0,5011.0
chr9,136129922.0,5010.0
chr20,37110639.0,5006.0
chr6,5919271.0,4998.0
chr14,66625722.0,4997.0
chr4,109728685.0,4987.0
chr15,58111002.0,4986.0
chr13,105603756.0,4979.0
chr2,204435028.0,4970.0
chr6,20529382.0,4969.0
chr3,174429847.0,4959.0
chr12,49982566.0,4949.0
chr6,136403686.0,4946.0
chr11,75534781.0,4935.0
chr4,75510564.0,4931.0
chr1,227369591.0,4931.0
chrX,135528101.0,4928.0
chr20,61461946.0,4923.0
chr10,11608463.0,4921.0
chr7,29952109.0,4903.0
chr10,86771640.0,4902.0
chr20,44637196.0,4901.0
chr21,21198167.0,4898.0
chr1,205098239.0,4896.0
chr11,120457001.0,4888.0
chr19,46472744.0,4885.0
chr22,32232398.0,4878.0
chr3,48033543.0,4871.0
chr2,199406952.0,4849.0
chr7,128951804.0,4833.0
chr22,40952655.0,4831.0
chr3,158562657.0,4829.0
chr1,100966926.0,4828.0
chr13,44260777.0,4820.0
chr10,60353596.0,4818.0
chr3,155108816.0,4818.0
chr12,51163009.0,4810.0
chr5,132652143.0,4805.0
chr15,64094506.0,4798.0
chr1,195717831.0,4779.0
chr7,65510544.0,4778.0
chr3,37103863.0,4772.0
chr4,77792994.0,4737.0
chr2,169875426.0,4733.0
chr6,27289964.0,4732.0
chr3,152269931.0,4730.0
chr12,110256907.0,4725.0
chr4,94537791.0,4723.0
chr9,38228616.0,4695.0
chr4,139300853.0,4683.0
chr7,6640470.0,4669.0
chr12,23423795.0,4668.0
chr11,12964191.0,4668.0
chr19,1785830.0,4667.0
chr17,5164979.0,4662.0
chr10,81345870.0,4654.0
chr5,90549963.0,4638.0
chr6,146908558.0,4633.0
chr16,11910866.0,4624.0
chr12,121605014.0,4614.0
chr6,79215086.0,4613.0
chr16,24007269.0,4608.0
chr17,28062343.0,4587.0
chr4,78627968.0,4584.0
chr8,104619123.0,4559.0
chr13,108760263.0,4558.0
chr6,13331719.0,4552.0
chr3,167679984.0,4545.0
chr9,100099973.0,4529.0
chr3,193914696.0,4520.0
chr3,143346273.0,4516.0
chr21,29987688.0,4516.0
chr7,27742436.0,4513.0
chr2,27016038.0,4497.0
chr18,77733282.0,4496.0
chr6,79269321.0,4489.0
chr12,105107204.0,4488.0
chr17,55343654.0,4486.0
chr3,157146911.0,4475.0
chr19,41335365.0,4475.0
chr10,62191982.0,4469.0
chr12,69361203.0,4459.0
chr18,1530859.0,4459.0
chr1,246569778.0,4457.0
chr11,3994322.0,4456.0
chr21,15371694.0,4450.0
chr6,14307490.0,4449.0
chr6,4046377.0,4447.0
chr17,80254539.0,4437.0
chr3,98818251.0,4432.0
chr16,21966440.0,4430.0
chr8,8670816.0,4430.0
chr6,34658431.0,4427.0
chr5,14724294.0,4425.0
chr20,55043045.0,4424.0
chr6,107280609.0,4412.0
chr1,207933431.0,4404.0
chr8,60369243.0,4400.0
chr10,84360215.0,4391.0
chrX,71810405.0,4382.0
chr19,40808997.0,4373.0
chr16,57931154.0,4372.0
chr14,55799525.0,4352.0
chr4,165096973.0,4346.0
chr1,27868002.0,4343.0
chr8,93743199.0,4340.0
chr5,180782287.0,4307.0
chr9,127356423.0,4306.0
chr7,107013700.0,4292.0
chr1,205089207.0,4292.0
chr9,116038452.0,4291.0
chr3,89851550.0,4285.0
chr15,89828200.0,4279.0
chr1,159919970.0,4272.0
chr1,66983217.0,4265.0
chr1,47237787.0,4263.0
chr9,94268981.0,4259.0
chr7,96926393.0,4258.0
chr7,144086009.0,4256.0
chr5,119307947.0,4255.0
chr4,1883986.0,4255.0
chr5,142081151.0,4241.0
chr2,171199359.0,4238.0
chr3,141367914.0,4230.0
chr7,8765072.0,4219.0
chr1,20575462.0,4216.0
chr18,2303156.0,4205.0
chr1,14927228.0,4177.0
chr3,35523538.0,4167.0
chrX,101176637.0,4162.0
chr19,7956940.0,4160.0
chr3,5775521.0,4160.0
chrX,47438366.0,4148.0
chr4,127833351.0,4144.0
chr12,25646747.0,4139.0
chr7,73310041.0,4126.0
chr17,31145743.0,4112.0
chr4,128598030.0,4107.0
chr12,6890825.0,4104.0
chr5,95963137.0,4103.0
chr12,123968346.0,4086.0
chr1,169869980.0,4082.0
chr5,149321310.0,4080.0
chr2,186498815.0,4076.0
chr20,374357.0,4069.0
chr14,24959492.0,4068.0
chr15,36203660.0,4065.0
chr1,116279985.0,4061.0
chr10,87868130.0,4060.0
chr21,14491729.0,4053.0
chr6,104952146.0,4045.0
chr2,120795073.0,4035.0
chr11,63510241.0,4033.0
chr6,144545302.0,4031.0
chr10,31082728.0,4025.0
chr7,12394024.0,4024.0
chr20,47473214.0,4014.0
chr10,53477765.0,4008.0
chr1,60923951.0,4000.0
chr9,37800116.0,3999.0
chr2,175909931.0,3995.0
chr9,97961106.0,3993.0
chr17,50306395.0,3985.0
chr18,79506649.0,3978.0
chr9,122956181.0,3977.0
chr11,11637476.0,3975.0
chr4,77140124.0,3974.0
chr3,191338850.0,3956.0
chr1,248924504.0,3955.0
chr2,202961547.0,3929.0
chr6,16229913.0,3928.0
chr9,122988087.0,3920.0
chr3,150407784.0,3910.0
chr5,79585465.0,3908.0
chr5,119463688.0,3907.0
chr3,185440156.0,3906.0
chrX,118459907.0,3904.0
chr14,54435098.0,3898.0
chr1,147160524.0,3890.0
chr6,13481815.0,3890.0
chr6,125781626.0,3888.0
chr10,107032829.0,3888.0
chr5,173320885.0,3885.0
chr11,20369180.0,3876.0
chr1,62539176.0,3875.0
chr1,39171422.0,3871.0
chr11,86179058.0,3858.0
chr19,28608338.0,3850.0
chr2,169061188.0,3848.0
chr12,89393757.0,3847.0
chr8,55366486.0,3846.0
chr4,146684607.0,3844.0
chr8,123791604.0,3837.0
chr7,126728052.0,3837.0
chr3,171876849.0,3837.0
chr2,37898635.0,3836.0
chr6,55041449.0,3831.0
chr3,23856385.0,3823.0
chr7,106657002.0,3818.0
chr12,89828293.0,3808.0
chr10,78227644.0,3801.0
chr3,42297157.0,3801.0
chr1,202584269.0,3799.0
chr6,45308755.0,3797.0
chr15,63679903.0,3796.0
chr1,239805023.0,3790.0
chr13,44388911.0,3785.0
chr10,61766817.0,3785.0
chr2,200959399.0,3779.0
chr10,125145711.0,3761.0
chr1,166731024.0,3760.0
chr15,96838880.0,3757.0
chr6,161225897.0,3755.0
chr3,180577903.0,3754.0
chr16,22063616.0,3748.0
chr8,90220951.0,3748.0
chr3,143351237.0,3730.0
chr5,74660322.0,3726.0
chrX,109717850.0,3714.0
chr3,196386677.0,3714.0
chr3,123773177.0,3710.0
chr20,32022546.0,3697.0
chr16,29804328.0,3697.0
chr2,157283703.0,3695.0
chr7,23737524.0,3691.0
chr6,7119755.0,3679.0
chr7,22681229.0,3673.0
chr5,149657748.0,3664.0
chr7,121798836.0,3656.0
chr8,58923651.0,3654.0
chr14,54752886.0,3654.0
chr1,235297823.0,3650.0
chrX,40706181.0,3647.0
chr8,56202807.0,3644.0
chr1,24758952.0,3630.0
chr5,53569539.0,3628.0
chr9,105506586.0,3619.0
chr8,66815720.0,3619.0
chr9,86023089.0,3613.0
chr3,193687332.0,3610.0
chr10,80202502.0,3609.0
chr20,41889444.0,3605.0
chr6,50779214.0,3596.0
chr2,169130026.0,3595.0
chr2,48451368.0,3581.0
chr8,60417829.0,3580.0
chr18,6676696.0,3579.0
chr14,48845261.0,3579.0
chr4,83013790.0,3564.0
chr9,125689115.0,3551.0
chr1,212109673.0,3546.0
chr12,49131862.0,3545.0
chr7,106070834.0,3543.0
chr17,79742489.0,3532.0
chr5,103119626.0,3530.0
chr10,59947083.0,3527.0
chr22,19854340.0,3525.0
chr6,558377.0,3525.0
chr12,28983610.0,3524.0
chr4,114782775.0,3521.0
chr3,6523307.0,3519.0
chr1,167778811.0,3515.0
chr3,9400866.0,3514.0
chr10,28833784.0,3514.0
chr8,38727358.0,3513.0
chr13,112102367.0,3511.0
chr2,102436952.0,3510.0
chr6,11918864.0,3510.0
chr6,4984709.0,3507.0
chr6,20409714.0,3506.0
chr10,7029965.0,3503.0
chrX,110057302.0,3499.0
chr12,20412262.0,3488.0
chr19,46570565.0,3484.0
chr4,67575144.0,3484.0
chr15,89300165.0,3483.0
chr1,168348687.0,3480.0
chr11,47813113.0,3478.0
chr8,61744988.0,3477.0
chr2,239337126.0,3475.0
chr4,163268682.0,3474.0
chr12,45554090.0,3472.0
chr10,92070953.0,3471.0
chr4,172950937.0,3469.0
chr2,175499309.0,3469.0
chr5,127237211.0,3454.0
chr8,49131765.0,3448.0
chr3,13407452.0,3448.0
chr10,63267299.0,3444.0
chr22,35399520.0,3444.0
chr5,28262313.0,3441.0
chr7,133980611.0,3440.0
chr4,28893731.0,3439.0
chr18,9147178.0,3436.0
chr1,45337551.0,3434.0
chr2,27354446.0,3427.0
chr1,222695198.0,3427.0
chr6,107726595.0,3427.0
chr12,104433577.0,3414.0
chr12,65599902.0,3409.0
chr15,45151271.0,3409.0
chr2,169690967.0,3408.0
chr10,95792695.0,3406.0
chr12,55776421.0,3404.0
chr1,248794258.0,3402.0
chr13,100638621.0,3398.0
chr1,205643597.0,3394.0
chr6,109317275.0,3393.0
chr16,127582.0,3390.0
chr14,100771606.0,3388.0
chr9,73449268.0,3387.0
chr1,231188718.0,3383.0
chr3,33125523.0,3380.0
chr10,17219839.0,3378.0
chr6,108361769.0,3374.0
chr16,84380401.0,3367.0
chr16,13925080.0,3364.0
chr9,72138350.0,3360.0
chr1,13665776.0,3354.0
chr6,48281790.0,3352.0
chr13,49617475.0,3352.0
chr1,145996362.0,3352.0
chr12,9758335.0,3349.0
chr2,70165668.0,3334.0
chr3,152026418.0,3326.0
chr16,84102909.0,3325.0
chr20,570605.0,3319.0
chr7,133036871.0,3318.0
chr6,122476372.0,3314.0
chr6,68720927.0,3308.0
chr6,99516408.0,3303.0
chr17,71987681.0,3302.0
chr1,41877699.0,3298.0
chr6,135222592.0,3290.0
chr10,87761910.0,3290.0
chr11,74755222.0,3286.0
chr3,65033412.0,3281.0
chr16,20878989.0,3278.0
chr7,736413.0,3276.0
chr1,212569293.0,3276.0
chr3,77474188.0,3275.0
chr17,27297815.0,3273.0
chr8,26293289.0,3272.0
chr1,9632331.0,3268.0
chrX,38653476.0,3251.0
chr8,96091169.0,3249.0
chr10,74738051.0,3248.0
chr1,88828882.0,3244.0
chr7,84914055.0,3241.0
chr2,208542310.0,3239.0
chr3,156606764.0,3238.0
chr7,150960649.0,3238.0
chr9,114502042.0,3236.0
chr17,66468236.0,3236.0
chr7,39989410.0,3234.0
chr6,50816366.0,3234.0
chr12,42417595.0,3231.0
chr11,48051712.0,3227.0
chr12,103475307.0,3226.0
chr5,39408135.0,3224.0
chr16,69554245.0,3222.0
chr9,130799411.0,3215.0
chr2,33555600.0,3213.0
chr1,62510343.0,3211.0
chr6,49032246.0,3209.0
chr17,48428094.0,3208.0
chr1,200640631.0,3207.0
chr6,13920774.0,3207.0
chr1,110942735.0,3201.0
chr4,180795769.0,3200.0
chr11,34106181.0,3187.0
chr7,127833933.0,3184.0
chr11,33937567.0,3181.0
chr3,126573764.0,3180.0
chr2,68226449.0,3180.0
chr22,19628016.0,3178.0
chr8,97350862.0,3176.0
chr11,96896468.0,3176.0
chr2,68919167.0,3162.0
chr6,111843501.0,3159.0
chr6,39438503.0,3159.0
chr22,21619229.0,3157.0
chr2,148568634.0,3151.0
chr19,33546994.0,3143.0
chr17,48219756.0,3139.0
chr15,68812726.0,3133.0
chr15,48649243.0,3128.0
chr5,52801267.0,3128.0
chr20,33359315.0,3128.0
chr1,150115893.0,3122.0
chr11,7631721.0,3118.0
chr2,173104565.0,3118.0
chr4,108621625.0,3117.0
chr11,123469865.0,3116.0
chr7,83066222.0,3114.0
chr16,68728613.0,3096.0
chr3,42793024.0,3095.0
chr18,46024570.0,3087.0
chr1,86825197.0,3084.0
chr7,135511245.0,3084.0
chr3,36941801.0,3084.0
chr3,72446334.0,3080.0
chr18,11780699.0,3076.0
chr4,78610705.0,3075.0
chr2,151577527.0,3073.0
chr11,93082915.0,3068.0
chr15,90387611.0,3066.0
chr11,46216458.0,3057.0
chr9,104660953.0,3052.0
chr11,98887119.0,3051.0
chr2,55012488.0,3050.0
chr2,234100250.0,3050.0
chr10,124944460.0,3047.0
chr1,182931597.0,3043.0
chr1,57447374.0,3042.0
chr12,125785479.0,3040.0
chr7,128047494.0,3036.0
chr6,134113854.0,3035.0
chr2,138503983.0,3033.0
chr10,63266592.0,3026.0
chr6,68710515.0,3015.0
chr1,84604031.0,3010.0
chr1,6612714.0,3009.0
chr1,14634397.0,3008.0
chr21,22421273.0,3007.0
chr10,23057002.0,3006.0
chr6,7048219.0,3005.0
chr9,103037042.0,3001.0
chr12,57234912.0,3000.0
chr11,58772083.0,3000.0
chr4,79678168.0,2990.0
chr15,44415121.0,2974.0
chr13,105245311.0,2971.0
chr14,39460390.0,2970.0
chr1,157908284.0,2964.0
chr12,57431554.0,2955.0
chr10,123165406.0,2951.0
chr3,47871747.0,2944.0
chr1,164683492.0,2943.0
chr5,41890990.0,2942.0
chr12,98503642.0,2940.0
chr11,74801647.0,2939.0
chr1,174706676.0,2939.0
chr21,14496886.0,2933.0
chr12,108119462.0,2933.0
chr8,129574071.0,2932.0
chr16,46830462.0,2931.0
chr2,171094571.0,2927.0
chr15,55319577.0,2926.0
chr9,27316930.0,2919.0
chr22,17281075.0,2918.0
chr1,109126785.0,2916.0
chr18,34947841.0,2910.0
chr1,70195259.0,2909.0
chr6,10476266.0,2908.0
chr6,87166994.0,2905.0
chr5,140281166.0,2900.0
chr5,78245349.0,2898.0
chr1,43708712.0,2894.0
chr1,63346706.0,2892.0
chr16,28912763.0,2892.0
chr8,23538431.0,2886.0
chr5,39176631.0,2885.0
chr11,88402433.0,2884.0
chr5,112961244.0,2882.0
chr6,24667475.0,2880.0
chr1,221033490.0,2878.0
chr8,26997281.0,2878.0
chr15,47061235.0,2876.0
chr12,50272038.0,2871.0
chr2,51394056.0,2869.0
chr6,15266254.0,2865.0
chr3,54196440.0,2862.0
chr15,60391268.0,2862.0
chr20,50163606.0,2858.0
chr9,4931865.0,2853.0
chr19,31415618.0,2850.0
chr20,41714205.0,2849.0
chr3,47722947.0,2849.0
chr6,41934353.0,2846.0
chr4,31965188.0,2845.0
chr8,81672591.0,2844.0
chr18,46711469.0,2843.0
chr12,117007811.0,2843.0
chrX,135954903.0,2841.0
chr1,100362046.0,2841.0
chr2,151892572.0,2835.0
chr17,16189699.0,2827.0
chr7,139273213.0,2819.0
chr16,75017565.0,2818.0
chr11,95737100.0,2812.0
chr20,442738.0,2807.0
chr1,182290657.0,2806.0
chr5,16754419.0,2805.0
chr19,44676934.0,2804.0
chr1,209766565.0,2802.0
chr15,69214028.0,2801.0
chr3,33904122.0,2801.0
chr12,63335908.0,2799.0
chr3,195437065.0,2797.0
chr2,164769812.0,2795.0
chr8,124450868.0,2795.0
chr2,196581110.0,2792.0
chr5,158458174.0,2789.0
chr1,25460909.0,2788.0
chr12,56280126.0,2784.0
chr2,175858078.0,2778.0
chr7,135976478.0,2774.0
chr19,2640361.0,2772.0
chr3,20756823.0,2770.0
chr6,20404655.0,2769.0
chr3,169511069.0,2765.0
chr1,41010019.0,2761.0
chr3,143446389.0,2760.0
chr10,42551498.0,2754.0
chr18,12516658.0,2754.0
chr1,81850416.0,2750.0
chr3,71373173.0,2746.0
chr6,146566131.0,2744.0
chr2,223070051.0,2742.0
chr14,34767194.0,2739.0
chr11,108543333.0,2739.0
chr6,12180785.0,2737.0
chr16,51348777.0,2736.0
chr13,39658800.0,2729.0
chr22,21948022.0,2727.0
chr7,102841002.0,2717.0
chr1,34358867.0,2716.0
chr10,123007586.0,2716.0
chr4,112082096.0,2715.0
chr22,20648482.0,2714.0
chr1,183497207.0,2707.0
chr7,157531395.0,2707.0
chr10,17597470.0,2706.0
chr20,5784890.0,2702.0
chr3,155033151.0,2702.0
chr5,76373962.0,2701.0
chr3,153284657.0,2699.0
chr11,93975332.0,2691.0
chr6,15090536.0,2687.0
chr1,162390213.0,2681.0
chr15,65304142.0,2679.0
chr10,16816689.0,2669.0
chr21,37988595.0,2667.0
chr6,52538991.0,2666.0
chr2,229388793.0,2663.0
chr11,17922250.0,2663.0
chr2,141922046.0,2659.0
chr2,62223403.0,2657.0
chr1,60822198.0,2657.0
chr14,35368624.0,2656.0
chr3,16871008.0,2655.0
chr3,32020881.0,2655.0
chr17,68167912.0,2646.0
chr8,55116220.0,2638.0
chr3,41692860.0,2637.0
chr5,145839933.0,2633.0
chr5,60698974.0,2631.0
chr3,48607818.0,2612.0
chr10,96123754.0,2611.0
chr9,127448699.0,2608.0
chr9,95842345.0,2604.0
chr7,41558826.0,2603.0
chr12,112464739.0,2603.0
chr4,67554207.0,2592.0
chr17,66411384.0,2591.0
chr19,51609601.0,2591.0
chr10,128932488.0,2591.0
chr20,37343379.0,2586.0
chr2,7334396.0,2579.0
chr15,45718060.0,2579.0
chr7,155575116.0,2576.0
chr6,163416740.0,2567.0
chr4,17786915.0,2567.0
chr4,6269256.0,2565.0
chr2,144700631.0,2563.0
chr6,2212907.0,2562.0
chr11,78739634.0,2559.0
chr22,25603228.0,2556.0
chr21,36218896.0,2553.0
chr6,24779405.0,2546.0
chr6,10990773.0,2546.0
chr7,137014595.0,2546.0
chr3,1384656.0,2543.0
chr1,211251384.0,2539.0
chr5,39111985.0,2534.0
chr9,87238368.0,2521.0
chr1,117896104.0,2521.0
chr3,14437183.0,2517.0
chr18,55592535.0,2513.0
chr9,91673069.0,2512.0
chr2,197682826.0,2512.0
chr7,128983634.0,2511.0
chr7,121358897.0,2510.0
chr14,33804939.0,2494.0
chr12,6961503.0,2493.0
chr18,11951559.0,2492.0
chr4,79625862.0,2491.0
chr11,10974356.0,2490.0
chr12,25869851.0,2485.0
chr1,114582024.0,2483.0
chr14,51599807.0,2482.0
chr1,35768081.0,2482.0
chr2,193461700.0,2482.0
chr14,54440846.0,2481.0
chr6,53499973.0,2478.0
chr11,62770198.0,2473.0
chr1,25860006.0,2473.0
chr4,81566742.0,2469.0
chr5,39117433.0,2468.0
chr11,16738244.0,2464.0
chr5,173054274.0,2459.0
chr3,5128840.0,2456.0
chr15,38455622.0,2455.0
chr7,40848453.0,2454.0
chr6,21899817.0,2454.0
chr2,9359090.0,2451.0
chr11,56028802.0,2450.0
chr13,57531437.0,2449.0
chr8,90261476.0,2447.0
chr6,27213122.0,2447.0
chr5,87126130.0,2444.0
chr3,15820713.0,2441.0
chr18,55981652.0,2438.0
chr16,8112546.0,2438.0
chr11,66140094.0,2435.0
chr11,748700.0,2433.0
chr7,135509256.0,2429.0
chr8,122830412.0,2420.0
chrX,140990805.0,2420.0
chr7,130496890.0,2420.0
chr1,91309231.0,2418.0
chr8,107549333.0,2416.0
chr3,172011051.0,2415.0
chr2,241102891.0,2415.0
chr7,22374538.0,2415.0
chr8,97711854.0,2414.0
chr12,4649397.0,2414.0
chr2,108870177.0,2408.0
chr3,1274068.0,2407.0
chr2,48439122.0,2402.0
chr13,108762513.0,2401.0
chr17,27448374.0,2390.0
chr17,6942892.0,2387.0
chr2,74195629.0,2385.0
chr12,67623626.0,2381.0
chr18,40219872.0,2379.0
chr6,154164095.0,2375.0
chr1,229273082.0,2374.0
chr8,78515965.0,2373.0
chrX,149854330.0,2368.0
chr3,146210474.0,2368.0
chr1,67922470.0,2367.0
chr1,88895075.0,2366.0
chr12,102463293.0,2365.0
chr3,13885983.0,2363.0
chr5,149484517.0,2363.0
chr9,98875498.0,2361.0
chr1,117614985.0,2355.0
chr5,98852836.0,2354.0
chr11,68575347.0,2354.0
chr9,100426758.0,2353.0
chr1,35989444.0,2351.0
chr1,84735536.0,2348.0
chr6,19997838.0,2343.0
chr6,37259925.0,2340.0
chr1,15617188.0,2339.0
chr5,62310013.0,2336.0
chr7,22683734.0,2326.0
chr10,74362786.0,2326.0
chr6,27649594.0,2324.0
chr22,21866684.0,2317.0
chr17,27986923.0,2314.0
chr6,158827726.0,2310.0
chr14,55416849.0,2310.0
chrX,134805149.0,2307.0
chr1,109427758.0,2305.0
chr4,182512055.0,2305.0
chr15,51693242.0,2302.0
chr4,84965221.0,2301.0
chr22,23257902.0,2299.0
chr19,53487941.0,2298.0
chr22,39501256.0,2297.0
chr11,9410761.0,2288.0
chr8,50941093.0,2288.0
chr1,155000040.0,2287.0
chr7,115791857.0,2284.0
chr2,157899081.0,2284.0
chr20,55098414.0,2278.0
chr2,186931584.0,2275.0
chr6,146889855.0,2274.0
chr11,123845023.0,2274.0
chr9,68926108.0,2271.0
chr1,39112627.0,2270.0
chr7,6199989.0,2261.0
chr16,47008794.0,2259.0
chr1,174792218.0,2257.0
chr15,42902532.0,2257.0
chr1,32291653.0,2257.0
chr1,113914303.0,2255.0
chr16,3895940.0,2253.0
chr15,51683696.0,2249.0
chr12,31433356.0,2246.0
chr11,95667030.0,2245.0
chr4,98728762.0,2240.0
chr5,73158543.0,2232.0
chr10,27516148.0,2230.0
chr3,146070915.0,2227.0
chr10,68824003.0,2225.0
chr5,118894420.0,2224.0
chr8,6428915.0,2222.0
chr16,56327771.0,2220.0
chr1,116679063.0,2217.0
chr1,160540486.0,2217.0
chr3,44444985.0,2213.0
chr6,26206347.0,2212.0
chr12,672317.0,2210.0
chr2,214416188.0,2210.0
chr7,39569199.0,2209.0
chr12,6723256.0,2208.0
chr16,12631281.0,2206.0
chr11,111428921.0,2204.0
chr5,37351268.0,2204.0
chr9,14525422.0,2203.0
chrX,132007128.0,2203.0
chr17,65051104.0,2202.0
chr20,50192413.0,2201.0
chr5,6545958.0,2200.0
chr4,154028855.0,2198.0
chr2,32554092.0,2198.0
chr8,101150868.0,2195.0
chr7,87269820.0,2195.0
chr8,132489692.0,2195.0
chr18,3559399.0,2191.0
chr10,60778013.0,2190.0
chr14,59187582.0,2189.0
chr5,131766350.0,2187.0
chr5,139282648.0,2180.0
chr8,120631898.0,2180.0
chrX,124726558.0,2177.0
chr11,129684983.0,2177.0
chr3,72015086.0,2177.0
chr13,75478020.0,2175.0
chr12,24700113.0,2175.0
chr3,39398783.0,2172.0
chr1,230127090.0,2172.0
chr5,116104154.0,2170.0
chr8,73249731.0,2167.0
chr2,176270374.0,2165.0
chr10,123442399.0,2165.0
chr12,49843690.0,2164.0
chr2,20823998.0,2157.0
chr21,27421775.0,2154.0
chr2,237793317.0,2153.0
chr19,51394217.0,2150.0
chr12,62604257.0,2148.0
chr15,85013544.0,2145.0
chr6,72398940.0,2143.0
chr17,75306780.0,2140.0
chr12,23670823.0,2140.0
chr1,202145041.0,2138.0
chr2,9001723.0,2137.0
chr9,120631842.0,2131.0
chr3,29211889.0,2130.0
chr15,33941392.0,2129.0
chr18,8846328.0,2127.0
chr6,72562903.0,2122.0
chr16,74187791.0,2119.0
chr18,12065387.0,2118.0
chr1,220650496.0,2117.0
chr11,114298033.0,2116.0
chr12,32962422.0,2115.0
chr9,120686610.0,2113.0
chr7,92326159.0,2112.0
chr7,157220842.0,2108.0
chr11,118456154.0,2104.0
chr6,2982914.0,2101.0
chrX,63378129.0,2098.0
chr7,132858751.0,2098.0
chr2,54921074.0,2097.0
chr4,136259873.0,2096.0
chr9,128989668.0,2094.0
chr7,101764531.0,2093.0
chr3,170779491.0,2093.0
chr8,38880885.0,2091.0
chr13,84900549.0,2086.0
chr5,150450118.0,2086.0
chr15,65475651.0,2084.0
chr7,16261311.0,2082.0
chr18,5781859.0,2081.0
chrX,66594528.0,2080.0
chr10,80466818.0,2079.0
chrX,109265259.0,2079.0
chr12,63779443.0,2078.0
chr10,6578797.0,2078.0
chr4,132612300.0,2076.0
chr11,73876603.0,2075.0
chr16,9093620.0,2069.0
chr6,157494693.0,2067.0
chr10,73744714.0,2066.0
chr12,98467110.0,2066.0
chr2,100608634.0,2064.0
chr7,153595402.0,2060.0
chr1,61053311.0,2059.0
chr12,21630788.0,2059.0
chr3,169931130.0,2055.0
chr11,119207474.0,2052.0
chr9,120389550.0,2051.0
chr19,45424171.0,2050.0
chr6,109092451.0,2048.0
chr1,150172098.0,2047.0
chr15,40271159.0,2046.0
chr19,55605079.0,2045.0
chr21,14744632.0,2038.0
chr10,5821659.0,2038.0
chr7,84670853.0,2035.0
chr6,129575439.0,2032.0
chr13,47125809.0,2029.0
chr4,126635763.0,2023.0
chr10,8203007.0,2020.0
chr17,31104276.0,2019.0
chr1,89938522.0,2017.0
chr1_KI270709v1_random,38451.0,2016.0
chr3,156997385.0,2015.0
chr20,34701721.0,2010.0
chr5,177465507.0,2010.0
chr13,51994054.0,2007.0
chr1,184064314.0,2005.0
chr1,226000191.0,2004.0
chr6,71479565.0,2003.0
chr12,96365202.0,2003.0
chr6,169609891.0,2000.0
chr8,47949880.0,2000.0
chr5,62332886.0,1997.0
chr1,219879860.0,1993.0
chr18,29901107.0,1991.0
chr3,196179272.0,1990.0
chr8,124638829.0,1988.0
chr17,31769289.0,1988.0
chr15,101250080.0,1985.0
chr13,29460308.0,1983.0
chr5,75933565.0,1982.0
chr6,2991462.0,1977.0
chr10,17655921.0,1976.0
chr7,76387329.0,1976.0
chr10,14064338.0,1974.0
chr12,30531521.0,1974.0
chr12,89801197.0,1972.0
chr12,53078681.0,1971.0
chr5,54294620.0,1967.0
chr4,10199240.0,1961.0
chr12,57380767.0,1959.0
chr12,51880336.0,1957.0
chr3,111830287.0,1957.0
chr20,6669185.0,1953.0
chr1,8777205.0,1953.0
chr9,3541165.0,1952.0
chr12,47727939.0,1950.0
chr1,117598454.0,1948.0
chr6,56438978.0,1947.0
chr2,71223759.0,1946.0
chr8,14849937.0,1945.0
chr2,52739525.0,1943.0
chr3,17348269.0,1942.0
chr18,134795.0,1939.0
chr1,35267028.0,1937.0
chr14,34981386.0,1936.0
chr12,45302443.0,1931.0
chr3,183705622.0,1931.0
chr12,70646683.0,1930.0
chr6,135082860.0,1929.0
chr1,21469044.0,1928.0
chr1,76240277.0,1926.0
chr2,177332415.0,1925.0
chr2,14657432.0,1924.0
chr3,112794904.0,1923.0
chr3,15876404.0,1923.0
chr3,26137331.0,1915.0
chr5,119059730.0,1915.0
chr12,15346749.0,1915.0
chr17,75184878.0,1913.0
chr4,70815042.0,1913.0
chr2,202381873.0,1911.0
chr11,11871781.0,1909.0
chr15,67120264.0,1904.0
chr22,19934358.0,1902.0
chr3,152466764.0,1902.0
chr8,140055093.0,1900.0
chr13,80747546.0,1900.0
chr10,18462572.0,1898.0
chr4,173578918.0,1894.0
chr1,59952874.0,1892.0
chr1,10950297.0,1892.0
chr3,44237227.0,1889.0
chr10,70650923.0,1889.0
chr1,212152764.0,1887.0
chr5,39120477.0,1887.0
chr4,153475421.0,1887.0
chr11,43567641.0,1885.0
chr5,88884637.0,1884.0
chr4,74444265.0,1880.0
chr6,26022991.0,1879.0
chr6,163790385.0,1878.0
chr7,5457654.0,1874.0
chr10,128598535.0,1871.0
chr3,44843506.0,1871.0
chr7,124930204.0,1869.0
chr14,49189905.0,1866.0
chr6,124960438.0,1863.0
chr6,26474463.0,1862.0
chr20,62925305.0,1859.0
chr9,90519010.0,1858.0
chr1,54930674.0,1857.0
chr4,31255693.0,1853.0
chrX,137178140.0,1853.0
chr14,64095537.0,1851.0
chr10,73832986.0,1851.0
chr2,172904939.0,1849.0
chr16,56246846.0,1848.0
chr12,70692853.0,1847.0
chr2,73830716.0,1846.0
chr9,81632990.0,1846.0
chr2,37230878.0,1843.0
chr1,99772025.0,1843.0
chr3,138695618.0,1840.0
chr20,33499518.0,1840.0
chr9,77939886.0,1838.0
chr8,101051752.0,1838.0
chr6,157859476.0,1837.0
chr7,107090876.0,1837.0
chr12,105143239.0,1835.0
chr4,122993412.0,1832.0
chr15,48555436.0,1831.0
chr1,226023187.0,1829.0
chr17,27612821.0,1829.0
chr11,100985595.0,1829.0
chr17,76570783.0,1827.0
chr6,85596109.0,1823.0
chr2,46616320.0,1823.0
chr2,38515775.0,1822.0
chr10,66366900.0,1820.0
chr1,156076311.0,1819.0
chr2,68282986.0,1817.0
chr17,39324598.0,1816.0
chr1,54842235.0,1814.0
chr5,57530446.0,1813.0
chr7,73771385.0,1813.0
chr2,47904068.0,1811.0
chr3,191882324.0,1809.0
chr2,168627040.0,1808.0
chr1,150926909.0,1808.0
chr7,121259768.0,1804.0
chr16,82151280.0,1803.0
chr6,42683013.0,1803.0
chr12,62032608.0,1802.0
chr7,116644081.0,1800.0
chr17,53662257.0,1800.0
chr12,89300015.0,1800.0
chr2,156339780.0,1795.0
chr1,40413742.0,1794.0
chr3,152968969.0,1794.0
chr17,58416826.0,1793.0
chr11,21011868.0,1793.0
chr1,236533138.0,1792.0
chr6,135224512.0,1791.0
chrX,56817215.0,1790.0
chr2,75624962.0,1789.0
chr12,7892771.0,1789.0
chr22,40166226.0,1780.0
chr1,11415606.0,1780.0
chr12,15662657.0,1778.0
chr11,87016418.0,1778.0
chr4,74775395.0,1778.0
chr5,82179009.0,1777.0
chr4,72388972.0,1776.0
chr3,124621286.0,1775.0
chr20,47351844.0,1774.0
chr9,135950701.0,1770.0
chr18,51032385.0,1769.0
chr1,167923987.0,1769.0
chrX,76092754.0,1768.0
chr3,70358987.0,1768.0
chr11,109732522.0,1767.0
chr3,31417444.0,1767.0
chr12,57086775.0,1764.0
chr11,58563583.0,1762.0
chr16,74296451.0,1761.0
chr5,53640896.0,1760.0
chr11,32910724.0,1760.0
chr13,99055157.0,1759.0
chr1,179406838.0,1759.0
chr5,148560937.0,1759.0
chr15,74911640.0,1759.0
chr6,41890100.0,1757.0
chr1,181030617.0,1757.0
chr22,23202835.0,1752.0
chr14,67502837.0,1752.0
chr2,97664811.0,1751.0
chr3,77155754.0,1751.0
chr10,58279704.0,1748.0
chr6,166820810.0,1746.0
chr1,50978853.0,1746.0
chr2,219655882.0,1746.0
chr5,40405373.0,1745.0
chr16,73613331.0,1742.0
chr5,134928999.0,1741.0
chr12,124469860.0,1741.0
chr16,23900929.0,1740.0
chr9,112471780.0,1737.0
chr11,131066242.0,1737.0
chr5,115847826.0,1731.0
chr15,51444252.0,1730.0
chr6,112548677.0,1729.0
chr2,170062685.0,1725.0
chr3,134026648.0,1723.0
chr1,115174514.0,1721.0
chr18,58278103.0,1720.0
chrX,55039937.0,1719.0
chr8,74865799.0,1719.0
chr7,158858608.0,1716.0
chr7,43138322.0,1715.0
chr9,37912465.0,1708.0
chrX,27944193.0,1708.0
chr8,128552769.0,1705.0
chr7,35570186.0,1705.0
chr19,47070298.0,1704.0
chr20,25697440.0,1703.0
chrX,5650092.0,1702.0
chr11,35006624.0,1699.0
chr12,65588625.0,1696.0
chr5,5385278.0,1695.0
chr8,97778940.0,1694.0
chr16,179518.0,1690.0
chr11,19172406.0,1690.0
chr6,76292234.0,1685.0
chr11,69548940.0,1684.0
chr11,10115273.0,1681.0
chr20,20944490.0,1681.0
chrX,101193450.0,1679.0
chr12,57257431.0,1676.0
chr8,129316994.0,1675.0
chr1,212314424.0,1675.0
chr6,99419770.0,1675.0
chr3,87806796.0,1674.0
chr7,138870722.0,1673.0
chr9,83365167.0,1673.0
chr15,66913762.0,1671.0
chr20,15954022.0,1670.0
chr7,128774882.0,1669.0
chr6,72557434.0,1666.0
chr3,129699217.0,1664.0
chr1,107310866.0,1663.0
chr5,362562.0,1662.0
chr21,39834147.0,1661.0
chr2,42598503.0,1661.0
chr7,139184219.0,1659.0
chr4,26937812.0,1657.0
chr7,140734885.0,1656.0
chr2,170958421.0,1655.0
chr4,186104057.0,1654.0
chr1,52988633.0,1654.0
chr2,227774508.0,1654.0
chr21,35127852.0,1652.0
chr12,89359533.0,1652.0
chr22,19289910.0,1650.0
chr9,121428319.0,1649.0
chr14,73235394.0,1648.0
chr9,101384197.0,1648.0
chr3,182797842.0,1648.0
chr7,136241428.0,1647.0
chr18,51080200.0,1645.0
chr13,56130188.0,1639.0
chrX,10179735.0,1637.0
chr1,89898788.0,1637.0
chr8,38384318.0,1635.0
chr21,35198643.0,1633.0
chr17,59347943.0,1631.0
chr1,25549484.0,1631.0
chr3,4385203.0,1630.0
chr4,74057398.0,1628.0
chr9,90544709.0,1626.0
chr3,38534742.0,1621.0
chr2,177553118.0,1619.0
chr3,197599265.0,1618.0
chr17,4839312.0,1617.0
chr18,12376480.0,1615.0
chr4,77862297.0,1614.0
chr11,14645317.0,1613.0
chr10,99463963.0,1612.0
chr20,13636025.0,1610.0
chr11,130222986.0,1609.0
chr11,123057476.0,1609.0
chr7,42288443.0,1608.0
chr1,206071010.0,1607.0
chr6,136562365.0,1607.0
chr11,95169727.0,1605.0
chr12,56117070.0,1603.0
chr13,29675364.0,1602.0
chr18,58164324.0,1602.0
chr17,22346667.0,1600.0
chr16,69001005.0,1600.0
chr14,21156332.0,1599.0
chr8,51697896.0,1598.0
chr20,47351388.0,1597.0
chr4,16267929.0,1595.0
chr6,26022106.0,1594.0
chr6,47432662.0,1588.0
chr3,13757917.0,1588.0
chr10,73237742.0,1587.0
chr7,83159360.0,1585.0
chr7,97118182.0,1585.0
chr11,9679131.0,1584.0
chr9,130935932.0,1581.0
chr10,118398107.0,1578.0
chr14,49620159.0,1576.0
chr1,73723929.0,1576.0
chr2,44295689.0,1575.0
chr10,103390200.0,1575.0
chr5,145827145.0,1574.0
chr12,56022198.0,1574.0
chr1,194687908.0,1571.0
chr8,93550689.0,1567.0
chr1,78006491.0,1564.0
chr14,75485435.0,1562.0
chr17,80678725.0,1560.0
chr8,6407331.0,1554.0
chr6,84904737.0,1554.0
chr7,91571922.0,1554.0
chr10,126251279.0,1553.0
chr3,197224117.0,1553.0
chr10,35595254.0,1551.0
chr6,1869061.0,1548.0
chr8,78254512.0,1547.0
chr16,73979921.0,1547.0
chr2,14115529.0,1544.0
chr7,87831494.0,1544.0
chr6,153174478.0,1542.0
chr10,55382086.0,1542.0
chr7,138941644.0,1542.0
chr7,34974168.0,1540.0
chrX,69207153.0,1540.0
chr20,41239935.0,1535.0
chr14,44383814.0,1535.0
chr3,71925461.0,1533.0
chr7,94590971.0,1531.0
chr1,64906640.0,1529.0
chr4,12807216.0,1528.0
chr11,62014869.0,1524.0
chr6,109461763.0,1524.0
chr6,89350219.0,1524.0
chr5,157916485.0,1523.0
chr3,28349842.0,1523.0
chr1,16612498.0,1516.0
chr6,132048117.0,1515.0
chr9,116320600.0,1514.0
chr1,21069054.0,1506.0
chr2,37427430.0,1506.0
chr6,45483151.0,1505.0
chr10,101748756.0,1505.0
chr11,86123688.0,1505.0
chr16,87434223.0,1504.0
chr22,31587027.0,1503.0
chr5,135403035.0,1503.0
chr2,65212406.0,1502.0
chr3,160400634.0,1501.0
chr2,201151071.0,1500.0
chr3,100039468.0,1498.0
chr6,48180338.0,1497.0
chr22,39916786.0,1497.0
chr1,28425606.0,1495.0
chr10,76900021.0,1493.0
chr11,16388490.0,1493.0
chr2,197929609.0,1492.0
chr1,167206913.0,1492.0
chr12,69210962.0,1491.0
chr1,230157198.0,1488.0
chr18,22466328.0,1487.0
chr1,21473697.0,1483.0
chr12,111994682.0,1483.0
chr17,15237349.0,1483.0
chr2,195613634.0,1481.0
chr1,118119999.0,1479.0
chr10,22622001.0,1477.0
chr21,25952081.0,1475.0
chr6,22026577.0,1475.0
chr6,146897115.0,1474.0
chr11,62572797.0,1474.0
chr12,2901885.0,1471.0
chr22,40839150.0,1471.0
chr1,37758680.0,1471.0
chr12,24423217.0,1470.0
chr9,4241344.0,1470.0
chr1,23780240.0,1470.0
chr6,2992990.0,1469.0
chr1,116427651.0,1468.0
chr7,106904536.0,1468.0
chr1,7099060.0,1467.0
chr19,2922304.0,1465.0
chr3,157279495.0,1464.0
chr6,7168302.0,1462.0
chr9,133380034.0,1461.0
chr3,179976306.0,1461.0
chr21,36079966.0,1460.0
chr3,150604277.0,1459.0
chr18,54359521.0,1459.0
chr18,30030028.0,1457.0
chrX,39868357.0,1457.0
chr1,168992664.0,1455.0
chr1,173344077.0,1454.0
chr4,8331337.0,1453.0
chr1,207894265.0,1451.0
chr14,81023847.0,1449.0
chr16,8086300.0,1449.0
chr3,43902951.0,1446.0
chr6,82809283.0,1446.0
chr5,117076626.0,1445.0
chr5,150766867.0,1444.0
chr4,139173393.0,1441.0
chr4,83388587.0,1440.0
chr6,135323589.0,1439.0
chr2,68372077.0,1437.0
chr2,32810290.0,1437.0
chr22,21617884.0,1435.0
chr4,26843505.0,1434.0
chr2,138073696.0,1433.0
chr5,105767265.0,1430.0
chrX,139970249.0,1429.0
chr18,25059805.0,1428.0
chr9,74842713.0,1424.0
chrX,123646715.0,1422.0
chr1,59743990.0,1421.0
chr2,145039295.0,1421.0
chr3,45043875.0,1420.0
chr6,89974393.0,1418.0
chr7,23473089.0,1417.0
chr15,55910888.0,1417.0
chr1,62073937.0,1410.0
chr6,28446318.0,1409.0
chr7,3511584.0,1406.0
chr12,132865272.0,1406.0
chr17,58291490.0,1404.0
chr6,84960874.0,1403.0
chr7,127382938.0,1403.0
chr5,95924566.0,1402.0
chr2,234611319.0,1402.0
chr17,76426574.0,1400.0
chr1,244325404.0,1400.0
chr16,84280211.0,1399.0
chr16,85566099.0,1396.0
chr13,97223786.0,1395.0
chr4,122780651.0,1394.0
chr1,62384062.0,1391.0
chr18,30811292.0,1391.0
chr16,87579917.0,1387.0
chr10,81180107.0,1387.0
chr2,165776442.0,1387.0
chr11,64666524.0,1384.0
chr8,106737881.0,1383.0
chr12,95316393.0,1383.0
chr11,59822902.0,1382.0
chr2,169125717.0,1381.0
chr13,67162078.0,1380.0
chr15,82811025.0,1378.0
chr1,53189152.0,1378.0
chr19,43765268.0,1377.0
chr6,105851954.0,1376.0
chr4,131668929.0,1376.0
chr3,57533166.0,1376.0
chr7,51376838.0,1375.0
chr2,37645489.0,1374.0
chrX,44914445.0,1374.0
chr5,147474356.0,1371.0
chr10,109082469.0,1371.0
chr11,47258662.0,1371.0
chr7,101322645.0,1370.0
chr8,43009487.0,1369.0
chr10,75125888.0,1368.0
chr8,19158771.0,1368.0
chr5,52847907.0,1367.0
chr10,104796851.0,1366.0
chr19,32543784.0,1366.0
chr1,8665786.0,1365.0
chr1,119648829.0,1364.0
chr1,110154655.0,1364.0
chr1,229813951.0,1363.0
chr7,105121499.0,1363.0
chr6,15343505.0,1363.0
chr11,3792253.0,1362.0
chr1,167048257.0,1361.0
chr20,10687323.0,1360.0
chr16,19080414.0,1359.0
chr1,95179660.0,1358.0
chr7,62815192.0,1356.0
chr11,10370811.0,1356.0
chr6,164336188.0,1356.0
chr4,78778964.0,1355.0
chr1,31038906.0,1354.0
chr6,69795447.0,1354.0
chr4,80135122.0,1349.0
chr1,213840716.0,1348.0
chr1,112869111.0,1348.0
chr6,73885666.0,1347.0
chr7,93332066.0,1344.0
chr2,179797013.0,1344.0
chr6,52432844.0,1342.0
chr11,67294997.0,1339.0
chr2,38232353.0,1338.0
chr7,127362903.0,1338.0
chr9,72623530.0,1338.0
chr3,195171023.0,1337.0
chr17,69066866.0,1335.0
chr9,27405011.0,1335.0
chr7,108104230.0,1333.0
chr7,139776002.0,1330.0
chr7,32585857.0,1330.0
chr22,19959251.0,1329.0
chr14,102690731.0,1329.0
chr4,70838861.0,1328.0
chr3,78559306.0,1328.0
chr8,126690911.0,1325.0
chr4,102569811.0,1325.0
chr1,207694044.0,1324.0
chr10,49473842.0,1324.0
chr12,68365864.0,1324.0
chr3,57150458.0,1321.0
chr11,98194867.0,1319.0
chr7,130596265.0,1319.0
chr10,5694536.0,1318.0
chr13,51974568.0,1317.0
chr13,44386233.0,1312.0
chr1,88893835.0,1310.0
chr3,12156041.0,1308.0
chr22,40538796.0,1308.0
chr1,169124694.0,1306.0
chr4,150750869.0,1305.0
chr16,84466966.0,1304.0
chr7,112626842.0,1304.0
chr2,178500565.0,1303.0
chr2,72544410.0,1302.0
chr5,141975436.0,1299.0
chr10,50293203.0,1298.0
chr9,130771111.0,1297.0
chr15,94046948.0,1297.0
chr3,56381174.0,1295.0
chr13,45238269.0,1293.0
chr6,72590449.0,1292.0
chr7,147983877.0,1289.0
chr1,200857289.0,1288.0
chrX,106995530.0,1288.0
chr15,25367977.0,1288.0
chr1,119815644.0,1287.0
chr2,27173634.0,1282.0
chr5,88278595.0,1281.0
chr18,5135238.0,1281.0
chr1,117694245.0,1277.0
chr1,219878042.0,1277.0
chrX,80418885.0,1277.0
chr6,78328839.0,1275.0
chr11,77003932.0,1273.0
chr16,25688676.0,1273.0
chr1,26127654.0,1272.0
chr12,75283461.0,1271.0
chr15,67090779.0,1270.0
chr1,37175542.0,1266.0
chr2,95404972.0,1266.0
chr7,123851918.0,1264.0
chr17,14336506.0,1262.0
chr5,54888240.0,1261.0
chr4,78874481.0,1257.0
chr15,40734703.0,1255.0
chr3,153340749.0,1254.0
chr5,65579922.0,1253.0
chr6,146891691.0,1252.0
chr4,67488919.0,1251.0
chr6,126340627.0,1251.0
chr12,131446567.0,1250.0
chr21,21162678.0,1246.0
chr8,94345562.0,1246.0
chr15,90352740.0,1246.0
chr8,63167890.0,1245.0
chr1,24510718.0,1244.0
chrX,16642817.0,1243.0
chr4,91765928.0,1241.0
chr2,27010194.0,1240.0
chr2,43606255.0,1238.0
chr6,43838389.0,1237.0
chr1,193062351.0,1236.0
chr1,91495791.0,1235.0
chr8,9433304.0,1235.0
chr15,34664124.0,1234.0
chr6,28335912.0,1233.0
chr5,54325988.0,1232.0
chr11,11277668.0,1231.0
chr4,95234871.0,1230.0
chr8,80001782.0,1230.0
chr1,113931379.0,1228.0
chr2,237702069.0,1226.0
chrX,114058051.0,1225.0
chr7,111162013.0,1223.0
chr17,59805203.0,1222.0
chr12,60168790.0,1222.0
chr10,42331032.0,1219.0
chr6,37119320.0,1219.0
chr16,81120675.0,1219.0
chr5,104103547.0,1217.0
chr7,139916153.0,1217.0
chr7,136139031.0,1216.0
chr7,158671423.0,1214.0
chr10,102713106.0,1214.0
chr7,101231543.0,1213.0
chr10,118642827.0,1210.0
chr6,156863573.0,1210.0
chr11,64173770.0,1208.0
chr1,213045973.0,1206.0
chr5,4719730.0,1204.0
chr4,60123561.0,1204.0
chr2,11440630.0,1202.0
chr12,19514515.0,1201.0
chr1,78084979.0,1200.0
chr18,9803692.0,1200.0
chr18,49273786.0,1199.0
chr8,127607928.0,1199.0
chr4,56943569.0,1198.0
chr7,12727218.0,1198.0
chr1,156290367.0,1194.0
chr3,16307896.0,1194.0
chr6,36318419.0,1194.0
chr5,65255213.0,1192.0
chr11,86242944.0,1191.0
chr5,132737939.0,1191.0
chr8,39038157.0,1191.0
chr10,92381972.0,1190.0
chr13,51858476.0,1188.0
chr20,51732560.0,1187.0
chr6,44130196.0,1186.0
chr4,146333472.0,1185.0
chr5,66145591.0,1183.0
chr11,78418308.0,1183.0
chr8,63207701.0,1181.0
chr12,28211147.0,1179.0
chr5,36199918.0,1178.0
chr8,43055443.0,1178.0
chr4,139246801.0,1175.0
chr3,60851201.0,1175.0
chr1,54442471.0,1174.0
chr18,10827177.0,1174.0
chr3,121213095.0,1173.0
chr8,99636164.0,1172.0
chr1,229559756.0,1170.0
chr9,77175484.0,1170.0
chr19,28519568.0,1167.0
chr19,42147798.0,1167.0
chr5,68533074.0,1167.0
chr21,42465131.0,1167.0
chr2,24376011.0,1167.0
chr10,34870097.0,1166.0
chr22,21650758.0,1166.0
chr15,95529477.0,1164.0
chr5,139983758.0,1160.0
chr8,131952269.0,1158.0
chr12,109045631.0,1158.0
chr16,25170631.0,1158.0
chr1,19388658.0,1157.0
chr6,53623087.0,1156.0
chr2,160177667.0,1155.0
chr1,28395514.0,1155.0
chr16,9049992.0,1154.0
chr7,68154070.0,1153.0
chr9,97942875.0,1152.0
chr8,53764680.0,1152.0
chr2,208822714.0,1150.0
chr12,53366773.0,1149.0
chr9,116042796.0,1148.0
chr2,9282030.0,1148.0
chr6,145961612.0,1148.0
chr1,236915923.0,1147.0
chr4,10476148.0,1146.0
chr1,82299467.0,1143.0
chrX,153849145.0,1142.0
chr9,131097709.0,1142.0
chr9,122452735.0,1142.0
chr10,67612382.0,1142.0
chr7,85815056.0,1141.0
chr8,54132655.0,1141.0
chr5,109604904.0,1141.0
chr6,50095366.0,1139.0
chr3,164811398.0,1138.0
chr5,2975479.0,1131.0
chr3,33869732.0,1131.0
chr11,104123288.0,1130.0
chr1,150488163.0,1128.0
chr7,121703104.0,1122.0
chrX,154816826.0,1121.0
chr13,30500191.0,1118.0
chr1,46095018.0,1117.0
chr7,90149731.0,1117.0
chr2,238064330.0,1117.0
chr7,149020734.0,1116.0
chr11,16393973.0,1113.0
chr3,4686850.0,1112.0
chr22,23060177.0,1111.0
chr4,160283767.0,1111.0
chr11,91100863.0,1111.0
chr1,174815739.0,1111.0
chr6,144649205.0,1108.0
chr10,32405978.0,1108.0
chr16,2663764.0,1105.0
chr3,48020326.0,1105.0
chr4,81420913.0,1104.0
chr1,186153694.0,1104.0
chr2,219161101.0,1101.0
chr6,108715495.0,1101.0
chr4,126714212.0,1100.0
chr10,48657909.0,1100.0
chr5,64885104.0,1099.0
chr1,213015965.0,1098.0
chr3,153017467.0,1097.0
chr3,143974674.0,1096.0
chr3,157260553.0,1096.0
chr5,72204822.0,1096.0
chr19,57894165.0,1094.0
chr3,53004588.0,1094.0
chr7,133064142.0,1093.0
chr6,150099938.0,1092.0
chr12,64452747.0,1092.0
chr6,167642902.0,1092.0
chr1,235232813.0,1090.0
chrX,132706175.0,1090.0
chr1,89938740.0,1089.0
chr6,53682227.0,1089.0
chr5,119374099.0,1089.0
chr7,96710205.0,1088.0
chr15,45198759.0,1087.0
chr2,179988651.0,1086.0
chr7,129152188.0,1086.0
chrX,36719674.0,1086.0
chr9,34900623.0,1085.0
chr21,17422512.0,1083.0
chr18,52612795.0,1082.0
chr20,38197693.0,1081.0
chr2,212344869.0,1081.0
chr10,50328027.0,1080.0
chr7,152061155.0,1079.0
chr19,40338926.0,1077.0
chr21,17921574.0,1076.0
chr1,162397455.0,1076.0
chr5,67072480.0,1075.0
chr12,106957250.0,1075.0
chrX,40169606.0,1074.0
chr7,100243797.0,1074.0
chr6,27820984.0,1072.0
chr7,137587812.0,1071.0
chr12,107094387.0,1070.0
chr4,12620700.0,1065.0
chr7,48147339.0,1065.0
chr3,130302127.0,1065.0
chr16,3512566.0,1064.0
chr12,909362.0,1062.0
chr17,32863681.0,1062.0
chr7,106789932.0,1062.0
chr21,14602465.0,1061.0
chr5,66120592.0,1060.0
chr7,84830113.0,1060.0
chr15,43222990.0,1059.0
chr12,114532052.0,1057.0
chr7,55730791.0,1054.0
chr7,115272610.0,1054.0
chr7,155004285.0,1052.0
chr15,73621432.0,1052.0
chr2,203028600.0,1050.0
chr2,160492222.0,1048.0
chr12,47730283.0,1047.0
chr4,70739321.0,1045.0
chr8,101169818.0,1044.0
chr1,24872503.0,1042.0
chr18,31801049.0,1041.0
chr18,3653768.0,1041.0
chr5,27472839.0,1041.0
chr2,68172776.0,1040.0
chr12,92708918.0,1040.0
chr2,202970021.0,1040.0
chrX,56610387.0,1039.0
chr9,73149210.0,1038.0
chr21,44870771.0,1036.0
chr12,51770815.0,1035.0
chr3,37180229.0,1033.0
chr6,114953374.0,1033.0
chr8,140242377.0,1032.0
chr8,129684200.0,1031.0
chr16,1279909.0,1031.0
chr12,54259191.0,1031.0
chr1,112771424.0,1031.0
chr5,36878842.0,1028.0
chr13,21634704.0,1026.0
chr8,38368505.0,1026.0
chr2,3069295.0,1026.0
chr5,158226855.0,1024.0
chr17,77574717.0,1023.0
chr8,65802285.0,1022.0
chr18,9762809.0,1020.0
chr1,91734751.0,1019.0
chr3,37101068.0,1018.0
chr6,3055041.0,1018.0
chr2,199324418.0,1018.0
chr18,48080466.0,1017.0
chr10,71223716.0,1016.0
chr4,55800184.0,1015.0
chr5,98937722.0,1013.0
chr16,73228705.0,1012.0
chr15,34640118.0,1011.0
chr1,226754938.0,1010.0
chr7,144882584.0,1010.0
chr8,102205013.0,1009.0
chr3,182683641.0,1008.0
chr19,49110966.0,1008.0
chr3,113985748.0,1007.0
chr9,37283883.0,1007.0
chr18,48952581.0,1005.0
chr2,43131124.0,1004.0
chr13,86345175.0,1004.0
chr15,44611015.0,1004.0
chr8,140936641.0,1003.0
chr3,140327887.0,1003.0
chr16,84881975.0,1003.0
chr3,180314933.0,1000.0
chr11,32600284.0,1000.0
chr6,14540402.0,1000.0
chr13,60484187.0,999.0
chrX,45766543.0,998.0
chr3,141353158.0,998.0
chr6,85505233.0,998.0
chr20,32575627.0,997.0
chr7,129768884.0,996.0
chr2,172098199.0,996.0
chr10,67841371.0,995.0
chr6,118551659.0,994.0
chr10,17663702.0,991.0
chr3,186837683.0,990.0
chr1,119851249.0,990.0
chr1,77734509.0,989.0
chr2,63599476.0,986.0
chr4,78423183.0,985.0
chr7,150918372.0,985.0
chr10,91608709.0,984.0
chr15,37002933.0,982.0
chr3,36404046.0,981.0
chr12,19441178.0,980.0
chr6,111463316.0,980.0
chr5,36911268.0,980.0
chr15,43390824.0,977.0
chr3,161702867.0,976.0
chr8,47431464.0,976.0
chr20,22404712.0,976.0
chr1,185296352.0,976.0
chr7,107898102.0,975.0
chr6,46177350.0,974.0
chr2,201385747.0,974.0
chr4,83484379.0,973.0
chr20,53934593.0,973.0
chr11,33925672.0,972.0
chr8,61065964.0,972.0
chr5,39520711.0,971.0
chr2,233712653.0,970.0
chr11,66685884.0,970.0
chr6,70398953.0,969.0
chr10,118764089.0,966.0
chr17,50964714.0,965.0
chr12,121934631.0,962.0
chr10,61784912.0,961.0
chr18,8415056.0,961.0
chr10,103395663.0,960.0
chr18,31245799.0,959.0
chr5,38807818.0,958.0
chr8,66974946.0,958.0
chr4,173491528.0,958.0
chr1,221746869.0,958.0
chr2,176626032.0,955.0
chr4,131351360.0,953.0
chr5,77131768.0,953.0
chr16,19196262.0,953.0
chr1,15396895.0,953.0
chr10,87501374.0,952.0
chr1,234613709.0,952.0
chr1,167235914.0,951.0
chr2,52313936.0,948.0
chr8,13268294.0,947.0
chr1,19179328.0,947.0
chr3,38958935.0,947.0
chr19,5893617.0,946.0
chr18,9139632.0,946.0
chr2,148274573.0,945.0
chr13,75679902.0,945.0
chr9,77897039.0,940.0
chr1,26610962.0,940.0
chr12,95332117.0,939.0
chr8,76693167.0,937.0
chr3,171336282.0,936.0
chr2,41823479.0,930.0
chr3,45603677.0,930.0
chr3,33898473.0,929.0
chr1,222731343.0,928.0
chr6,135313984.0,926.0
chr16,53804978.0,924.0
chr3,44253186.0,924.0
chr1,39573934.0,924.0
chr5,152235407.0,924.0
chr2,48600463.0,923.0
chr3,36733979.0,922.0
chr1,224182875.0,922.0
chr6,42100185.0,921.0
chr12,71818818.0,919.0
chr4,108918455.0,919.0
chr1,246633016.0,917.0
chr7,128282478.0,917.0
chr4,143851547.0,915.0
chr10,23541195.0,914.0
chr8,124533282.0,914.0
chr8,116198079.0,914.0
chr6,77245046.0,914.0
chrX,38803210.0,912.0
chr5,65721251.0,912.0
chr2,55618296.0,912.0
chr10,98862710.0,911.0
chr5,34650802.0,908.0
chr2,197299839.0,907.0
chr3,157114886.0,905.0
chr12,23733486.0,904.0
chr8,98823635.0,904.0
chr5,178451243.0,903.0
chr12,84182418.0,902.0
chr19,23852270.0,901.0
chr9,122446920.0,899.0
chr4,186852730.0,898.0
chr5,81073531.0,898.0
chr3,50681117.0,897.0
chr4,74486814.0,897.0
chr14,84205339.0,896.0
chr12,71282417.0,896.0
chr18,6466693.0,895.0
chr15,64638509.0,895.0
chr15,23519234.0,894.0
chr15,72001866.0,893.0
chr19,29662417.0,892.0
chr1,186288459.0,892.0
chr1,92832272.0,892.0
chr1,220113176.0,889.0
chr14,45133674.0,889.0
chr6,26296411.0,889.0
chrX,39851775.0,889.0
chr10,114190368.0,888.0
chr1,113540808.0,886.0
chr3,17688042.0,886.0
chr7,23803748.0,886.0
chr6,26349875.0,886.0
chrX,85008976.0,885.0
chr1,227434211.0,885.0
chr2,126677844.0,885.0
chr10,9825458.0,884.0
chr17,80501603.0,883.0
chr1,118621227.0,881.0
chr7,131550365.0,880.0
chr2,30182401.0,877.0
chr3,63322546.0,875.0
chr22,19477687.0,875.0
chr10,33128775.0,875.0
chr13,91401397.0,874.0
chr2,173512626.0,873.0
chr6,49781568.0,873.0
chr2,80474362.0,871.0
chr1,246572945.0,870.0
chr12,21761013.0,869.0
chr20,58251593.0,867.0
chr6,47555105.0,867.0
chr2,227326222.0,867.0
chr18,8244478.0,866.0
chr13,112647954.0,865.0
chr12,14892683.0,864.0
chr4,85989314.0,864.0
chr12,120535331.0,864.0
chr15,63799735.0,862.0
chr1,207805787.0,862.0
chr2,80376588.0,861.0
chr8,22282499.0,861.0
chr4,48774235.0,861.0
chr6,63526029.0,861.0
chr18,6733934.0,860.0
chr3,101413254.0,859.0
chr9,93526532.0,859.0
chr1,91022555.0,859.0
chr6,129840588.0,858.0
chr6,26285533.0,857.0
chr1,67337724.0,857.0
chr3,171805072.0,856.0
chr10,21574286.0,856.0
chr4,152887000.0,854.0
chr5,164360274.0,854.0
chr10,101451939.0,854.0
chr11,123056999.0,852.0
chr6,158026564.0,852.0
chr2,38668517.0,851.0
chr18,26091243.0,850.0
chr17,66458378.0,850.0
chr16,55587666.0,848.0
chr5,23852396.0,848.0
chr6,112069808.0,847.0
chr12,120242880.0,844.0
chr8,9573880.0,843.0
chr6,112940513.0,842.0
chr1,35286765.0,842.0
chr20,18577256.0,841.0
chr9,103970508.0,840.0
chr1,176516383.0,840.0
chr14,58427871.0,839.0
chr6,98250282.0,837.0
chr11,33731548.0,837.0
chr12,10365060.0,837.0
chr3,136862903.0,836.0
chr17,77151491.0,835.0
chr2,103927130.0,833.0
chr18,11818518.0,832.0
chr19,35870109.0,831.0
chr6,109065761.0,831.0
chr7,18191585.0,829.0
chr1,172760955.0,829.0
chr19,45526516.0,828.0
chr10,69196783.0,828.0
chr2,10263686.0,827.0
chr6,42207185.0,826.0
chr17,75949283.0,825.0
chr15,35169861.0,824.0
chr1,37820535.0,824.0
chr12,66519558.0,824.0
chr10,7014224.0,823.0
chr2,99480487.0,822.0
chr6,1895361.0,820.0
chr19,48257446.0,818.0
chr16,86185158.0,818.0
chr3,93975211.0,818.0
chr2,28680573.0,818.0
chr2,202326216.0,818.0
chr6,136319993.0,817.0
chr12,33605239.0,817.0
chr15,70251645.0,816.0
chr11,71861631.0,816.0
chr8,123713482.0,814.0
chr18,6361142.0,814.0
chr10,30643528.0,814.0
chr2,156343265.0,813.0
chr2,171648594.0,811.0
chr17,27983141.0,811.0
chr1,197224370.0,810.0
chrX,130909891.0,809.0
chr1,41203686.0,808.0
chr12,112280621.0,808.0
chr11,114497043.0,808.0
chr5,33511856.0,807.0
chr16,7087151.0,807.0
chr17,57390840.0,805.0
chr7,127653056.0,804.0
chr4,122152050.0,804.0
chr1,151756422.0,803.0
chr8,123058599.0,803.0
chr15,96053592.0,802.0
chr7,127741710.0,802.0
chr13,23412906.0,801.0
chr10,72492051.0,800.0
chr5,170278025.0,799.0
chr18,35106850.0,798.0
chr4,74360643.0,797.0
chr17,55735192.0,797.0
chr3,35690057.0,797.0
chr7,123690594.0,795.0
chr7,116876396.0,795.0
chr11,130270080.0,795.0
chr5,94812350.0,794.0
chr2,192894720.0,794.0
chr5,94467249.0,793.0
chr15,75181932.0,792.0
chr21,28143099.0,791.0
chr2,171365364.0,791.0
chr17,58820615.0,791.0
chr1,38992404.0,789.0
chr7,108625522.0,789.0
chr1,227087656.0,788.0
chr17,29258585.0,788.0
chr3,32899256.0,788.0
chr4,144009050.0,788.0
chr11,59525455.0,783.0
chr4,163026344.0,783.0
chrX,97164466.0,782.0
chr22,30491034.0,782.0
chr2,101361680.0,781.0
chr1,224087587.0,781.0
chr12,29277842.0,781.0
chr6,77248363.0,780.0
chr17,78627354.0,778.0
chr2,239274925.0,775.0
chr22,35476384.0,774.0
chr22,39833259.0,774.0
chr8,104630319.0,772.0
chr14,74812226.0,772.0
chr15,57210970.0,771.0
chr1,179086143.0,768.0
chr1,81220406.0,767.0
chrX,9602835.0,767.0
chr20,31707893.0,766.0
chr7,141858444.0,766.0
chr7,140597491.0,766.0
chr7,107317658.0,766.0
chr2,62297026.0,765.0
chr14,88024961.0,764.0
chr4,80127789.0,764.0
chr1,213125946.0,764.0
chr1,110401717.0,763.0
chr6,35471295.0,763.0
chr7,139922447.0,762.0
chr11,59560810.0,762.0
chr7,76302595.0,761.0
chr7,55077589.0,760.0
chr14,58529982.0,760.0
chr1,51639473.0,759.0
chr8,38131012.0,758.0
chr2,196832937.0,758.0
chr5,39118568.0,757.0
chr19,46416852.0,756.0
chr2,12683231.0,755.0
chr17,31161462.0,754.0
chr6,145703531.0,752.0
chr10,106291617.0,752.0
chr13,106926281.0,750.0
chr11,91814764.0,750.0
chr1,241532066.0,750.0
chr9,104791737.0,749.0
chr1,67314596.0,748.0
chr17,16058606.0,748.0
chr9,131124941.0,747.0
chr10,110365834.0,746.0
chr10,119654046.0,743.0
chr15,56925900.0,742.0
chr2,241368140.0,742.0
chr1,109117005.0,741.0
chr5,14857366.0,741.0
chr4,81789737.0,740.0
chr3,191425832.0,740.0
chr9,105647090.0,739.0
chr4,105656434.0,738.0
chr12,55024600.0,738.0
chr4,62433590.0,737.0
chr21,35790905.0,737.0
chr3,156301104.0,736.0
chr1,177744452.0,736.0
chr6,21202092.0,734.0
chr7,133252649.0,733.0
chr1,217960575.0,732.0
chr6,135224454.0,732.0
chr1,26635251.0,730.0
chr7,134045162.0,730.0
chr19,29905004.0,729.0
chr8,15572425.0,728.0
chr7,155483860.0,728.0
chr9,88120808.0,727.0
chr22,50597525.0,727.0
chr5,144315814.0,726.0
chr6,169410705.0,726.0
chr3,75472984.0,723.0
chr10,44312752.0,723.0
chr17,2321506.0,720.0
chr6,89489995.0,718.0
chr10,49276616.0,716.0
chr3,21555890.0,715.0
chr3,32321219.0,714.0
chr8,28887436.0,714.0
chr3,48231885.0,714.0
chr2,145700432.0,712.0
chr17,42630480.0,712.0
chr19,6683131.0,710.0
chr2,130751721.0,709.0
chr11,123674157.0,709.0
chr7,81475350.0,708.0
chr4,6752835.0,708.0
chr18,38477103.0,707.0
chr2,64642222.0,707.0
chr20,6958782.0,704.0
chr6,83341516.0,704.0
chr14,52920226.0,704.0
chr3,191363251.0,704.0
chr6,157210809.0,704.0
chr3,41026363.0,703.0
chr1,174241726.0,702.0
chr10,74130371.0,701.0
chr12,54188040.0,701.0
chr3,169974966.0,701.0
chr8,37951959.0,698.0
chr10,8190655.0,698.0
chr1,149987413.0,697.0
chr5,138163874.0,697.0
chr16,68988597.0,697.0
chr11,73065632.0,697.0
chr19,15295044.0,697.0
chr9,110237693.0,696.0
chr7,30528004.0,696.0
chr6,118896214.0,695.0
chr18,9596791.0,694.0
chr8,109064724.0,694.0
chr1,153638441.0,694.0
chr1,70045573.0,693.0
chr15,89099079.0,692.0
chr5,172967172.0,692.0
chr15,82956598.0,692.0
chr18,23417774.0,692.0
chr2,74669676.0,691.0
chr10,59141825.0,691.0
chr14,96662022.0,690.0
chr12,70050005.0,689.0
chr13,40982537.0,689.0
chr10,113091850.0,689.0
chr3,43743144.0,689.0
chr2,8871623.0,688.0
chr15,58630263.0,687.0
chr9,37588197.0,686.0
chr7,36928273.0,686.0
chrX,13489161.0,686.0
chr8,76854976.0,686.0
chr14,22725442.0,685.0
chr17,48624743.0,685.0
chr5,90407760.0,684.0
chr4,145784809.0,683.0
chr5,150526495.0,682.0
chr5,159578466.0,679.0
chr3,134135112.0,679.0
chr4,82341435.0,678.0
chr9,99165588.0,678.0
chr18,8915499.0,677.0
chr4,81844767.0,676.0
chr2,88250487.0,674.0
chr1,185125884.0,674.0
chr2,168949845.0,673.0
chr2,64249432.0,672.0
chr11,19476336.0,672.0
chr11,65265440.0,672.0
chr1,108645957.0,671.0
chr3,34093911.0,671.0
chr6,154380941.0,669.0
chr8,51342850.0,668.0
chr15,75760840.0,667.0
chr4,165097198.0,667.0
chr4,2890991.0,667.0
chr22,49372361.0,667.0
chr10,49300105.0,667.0
chr3,11274005.0,666.0
chr6,4638121.0,665.0
chr6,158132188.0,663.0
chr18,9742906.0,663.0
chr3,187965390.0,661.0
chr5,149232012.0,660.0
chr6,134017386.0,659.0
chr21,35516759.0,658.0
chr10,3235514.0,657.0
chr11,62788044.0,656.0
chr1,168601894.0,655.0
chr1,40428984.0,653.0
chr1,215453912.0,653.0
chr9,100012739.0,653.0
chr8,3397896.0,652.0
chr10,111535787.0,652.0
chr8,125192101.0,652.0
chr12,6663595.0,650.0
chr11,63951244.0,650.0
chr5,81861206.0,649.0
chr17,60106871.0,649.0
chr20,23157293.0,645.0
chr1,100458555.0,645.0
chr22,19160118.0,644.0
chr4,84844763.0,642.0
chr3,173009100.0,641.0
chr8,124848575.0,641.0
chr9,121243062.0,641.0
chr7,155663221.0,640.0
chr9,104434377.0,638.0
chr1,6412739.0,638.0
chr10,5710050.0,637.0
chr4,73228212.0,635.0
chr15,89074952.0,633.0
chr12,27723122.0,633.0
chr7,8765155.0,632.0
chr12,19959449.0,628.0
chr1,201829831.0,627.0
chr5,91314426.0,627.0
chr18,3828797.0,627.0
chr10,37884696.0,626.0
chr17,27473681.0,626.0
chr1,92922492.0,624.0
chr4,118290318.0,624.0
chr19,9056862.0,624.0
chr10,6054143.0,623.0
chr5,149932776.0,623.0
chr1,70659912.0,622.0
chr3,12655403.0,622.0
chr1,158185471.0,622.0
chr12,858155.0,622.0
chr2,17132695.0,622.0
chr15,34863782.0,620.0
chr6,111071049.0,620.0
chr12,89220752.0,620.0
chr8,60360327.0,619.0
chr7,112414683.0,616.0
chr6,135495551.0,616.0
chr7,131545801.0,615.0
chr8,124641248.0,615.0
chr1,235770894.0,614.0
chr5,75568291.0,614.0
chr11,95842242.0,613.0
chr1,246167336.0,612.0
chrX,70294386.0,612.0
chr13,52658192.0,611.0
chr20,58251727.0,611.0
chr2,141891626.0,610.0
chr5,6936414.0,606.0
chr4,183439774.0,606.0
chr2,125814427.0,606.0
chr2,199163622.0,604.0
chr4,187312465.0,603.0
chrX,6925856.0,602.0
chr5,79576565.0,601.0
chr3,112711762.0,601.0
chr2,108720360.0,601.0
chr5,159712753.0,600.0
chr19,13904755.0,599.0
chr14,61155132.0,599.0
chr15,87670389.0,599.0
chr12,31780311.0,599.0
chr6,3341867.0,599.0
chr3,62649720.0,599.0
chr13,51686519.0,596.0
chr3,142176440.0,596.0
chr2,212535057.0,596.0
chr7,117090833.0,595.0
chr1,145691157.0,594.0
chr4,74594503.0,594.0
chr20,47822851.0,593.0
chr12,49205774.0,593.0
chr8,9307689.0,593.0
chr10,21399048.0,590.0
chr10,96622612.0,589.0
chr10,80769392.0,589.0
chr4,94022086.0,589.0
chr1,214023796.0,588.0
chr6,76342259.0,588.0
chr7,149082559.0,587.0
chr13,54431109.0,586.0
chr17,27629174.0,586.0
chr11,100766130.0,585.0
chr19,56268625.0,583.0
chr2,178524220.0,582.0
chr20,38666249.0,581.0
chr6,137864390.0,581.0
chr3,15852413.0,580.0
chr4,118819213.0,576.0
chr5,34916366.0,576.0
chr16,74855365.0,575.0
chr5,158954334.0,573.0
chr4,76473926.0,573.0
chr3,152360956.0,572.0
chr15,75125613.0,571.0
chr11,120449832.0,571.0
chr10,22311954.0,570.0
chr11,76459586.0,567.0
chr6,147038644.0,567.0
chr6,10723504.0,567.0
chr8,66655546.0,567.0
chr2,203748195.0,566.0
chr5,170252825.0,566.0
chr6,42264247.0,566.0
chr14,81250851.0,566.0
chr6,135085729.0,566.0
chr1,65166690.0,563.0
chr17,48244166.0,561.0
chr10,80444829.0,559.0
chr6,149031890.0,558.0
chr17,82178936.0,557.0
chr1,40155476.0,556.0
chr10,96125235.0,556.0
chr5,111310730.0,555.0
chr2,167143976.0,555.0
chr3,194087081.0,555.0
chr8,54736476.0,554.0
chr4,72568030.0,554.0
chr3,99823183.0,554.0
chr2,28252342.0,554.0
chr16,18996045.0,553.0
chr2,148444211.0,552.0
chr21,42977503.0,550.0
chr3,87796872.0,548.0
chr5,160541796.0,547.0
chr5,66623990.0,547.0
chr22,46303432.0,547.0
chr4,90711219.0,547.0
chr2,144678339.0,546.0
chr12,106319833.0,546.0
chr8,19835916.0,544.0
chr3,111686071.0,543.0
chr16,22077841.0,542.0
chr20,35743510.0,540.0
chr1,14200285.0,540.0
chrX,9328193.0,537.0
chr15,75426503.0,537.0
chr10,14796468.0,536.0
chr1,96809277.0,536.0
chr6,57270516.0,535.0
chr9,115527133.0,534.0
chr12,66168497.0,534.0
chr3,48555515.0,533.0
chr6,4911230.0,532.0
chr13,32705548.0,530.0
chr11,5564681.0,530.0
chr2,113896291.0,529.0
chr8,129844856.0,529.0
chr3,160377663.0,529.0
chr1,184959924.0,528.0
chr1,245124470.0,528.0
chr1,52614121.0,527.0
chr4,106312887.0,527.0
chr11,83624977.0,527.0
chr3,166014962.0,525.0
chr12,1539471.0,523.0
chr2,181580847.0,523.0
chr3,58321179.0,523.0
chr6,21166631.0,523.0
chr2,151787465.0,522.0
chr1,67142123.0,522.0
chr15,64136616.0,522.0
chr21,29057475.0,521.0
chr7,150312681.0,521.0
chr19,31378077.0,521.0
chr16,84116269.0,520.0
chr12,50247150.0,520.0
chr2,235231967.0,519.0
chr7,98475895.0,519.0
chr16,26410030.0,519.0
chr12,96902807.0,519.0
chrX,39702192.0,517.0
chr13,112541056.0,517.0
chr11,3609803.0,516.0
chr6,159045270.0,515.0
chr3,37998802.0,515.0
chr8,129315511.0,514.0
chr10,48470223.0,514.0
chr13,21537292.0,513.0
chr6,13191945.0,513.0
chrX,103574655.0,512.0
chr6,157240545.0,512.0
chr3,179423101.0,511.0
chr6,111589510.0,509.0
chr5,131461900.0,508.0
chr3,150329084.0,506.0
chr18,28312890.0,505.0
chr3,77656406.0,505.0
chr6,14968190.0,504.0
chr2,55111814.0,504.0
chr20,56832871.0,503.0
chr3,189755436.0,503.0
chr1,6195672.0,503.0
chr6,135299691.0,502.0
chr8,101504832.0,502.0
chr7,110922164.0,501.0
chr14,21026229.0,501.0
chr15,67795889.0,501.0
chr12,89606269.0,499.0
chr6,17876077.0,499.0
chr15,55256265.0,498.0
chr1,167763217.0,498.0
chr4,80400003.0,497.0
chr7,27712672.0,497.0
chr11,5204931.0,496.0
chr5,2258556.0,494.0
chr3,31895451.0,493.0
chr7,123560937.0,492.0
chr2,235695066.0,491.0
chr9,63381259.0,489.0
chr5,66114709.0,489.0
chrX,6875702.0,489.0
chr9,120869600.0,487.0
chr6,99334655.0,486.0
chr8,60580332.0,485.0
chr7,155697172.0,485.0
chr6,54083779.0,483.0
chr17,27019963.0,482.0
chr12,112418476.0,482.0
chr1,187035230.0,481.0
chr1,158793095.0,481.0
chr10,28823074.0,481.0
chr7,91614300.0,481.0
chr2,125177346.0,481.0
chr14,58192726.0,480.0
chr1,26135313.0,479.0
chr4,133622001.0,479.0
chr6,136823590.0,478.0
chr17,69907752.0,478.0
chr6,62443424.0,477.0
chr13,37109404.0,477.0
chr11,125551915.0,476.0
chr5,72231318.0,476.0
chr6,90517090.0,476.0
chr2,168755565.0,475.0
chr7,16549925.0,475.0
chr8,105575504.0,474.0
chr2,158217737.0,472.0
chr3,194466182.0,472.0
chr15,59106292.0,471.0
chr11,108676147.0,470.0
chr2,98747814.0,469.0
chr1,203864452.0,469.0
chr2,12449103.0,468.0
chr8,22245746.0,468.0
chr2,171142031.0,468.0
chr16,25215031.0,465.0
chr10,22683311.0,465.0
chr13,20648688.0,465.0
chr10,76736071.0,465.0
chr8,53987118.0,465.0
chr7,38181745.0,464.0
chr5,3844157.0,464.0
chr2,141799795.0,464.0
chr5,169580701.0,463.0
chr3,20008754.0,463.0
chr2,120298358.0,463.0
chr12,56400258.0,462.0
chr3,45132530.0,461.0
chr10,119891829.0,461.0
chr7,129707957.0,460.0
chr19,16387121.0,460.0
chr22,20137590.0,459.0
chr11,39525509.0,459.0
chr3,142448714.0,459.0
chr3,8073153.0,458.0
chr2,167822567.0,458.0
chr17,47178680.0,458.0
chr5,143320277.0,457.0
chr19,6101562.0,456.0
chr12,133161284.0,455.0
chr1,6784182.0,453.0
chr3,182243108.0,452.0
chr11,10079149.0,451.0
chr12,71300234.0,450.0
chr6,10405762.0,450.0
chr5,148759907.0,449.0
chr18,30677010.0,449.0
chr1,35936395.0,448.0
chr8,112938288.0,448.0
chr19,31379082.0,447.0
chr6,83462808.0,446.0
chr6,83985681.0,446.0
chr2,229873817.0,445.0
chr2,213505657.0,445.0
chr1,50971798.0,445.0
chr7,42316915.0,443.0
chr7,130102281.0,443.0
chr12,26853911.0,443.0
chr1,87336126.0,442.0
chr2,111167925.0,442.0
chr6,90019611.0,441.0
chr12,32592718.0,441.0
chr3,50160954.0,441.0
chr7,159217166.0,441.0
chr8,47002073.0,440.0
chr12,127924976.0,440.0
chr7,93749539.0,439.0
chr1,87335733.0,438.0
chr7,66103086.0,438.0
chr5,37565060.0,438.0
chrX,102916076.0,437.0
chr7,141152817.0,436.0
chr8,104717009.0,436.0
chr1,210422397.0,436.0
chr3,8837487.0,436.0
chr13,89879686.0,435.0
chr8,26413000.0,434.0
chr3,17845760.0,434.0
chr10,74323295.0,432.0
chr1,92933537.0,431.0
chr1,95167293.0,430.0
chr22,29950010.0,430.0
chr10,35341935.0,429.0
chr10,50363070.0,428.0
chr6,43427431.0,428.0
chr13,90266085.0,426.0
chr5,123423775.0,424.0
chr12,11898653.0,424.0
chr1,229931268.0,424.0
chr16,2778887.0,423.0
chr1,174254440.0,423.0
chr4,82523158.0,423.0
chr2,103444932.0,422.0
chr6,26057712.0,422.0
chr3,36152479.0,422.0
chr10,122868097.0,421.0
chr17,82200944.0,420.0
chr1,213052853.0,420.0
chr5,119275386.0,419.0
chr6,42332698.0,418.0
chr9,116973950.0,418.0
chr2,86504080.0,417.0
chr13,59443272.0,417.0
chr3,45053903.0,414.0
chr18,3604739.0,414.0
chr18,30055719.0,414.0
chr11,110232264.0,414.0
chr1,185306775.0,413.0
chr16,29922978.0,413.0
chr12,1462007.0,413.0
chr1,57372689.0,413.0
chr3,138240373.0,412.0
chr10,22675702.0,412.0
chr21,42935291.0,410.0
chr6,149728845.0,409.0
chr12,122286040.0,409.0
chr4,89641214.0,408.0
chr3,65588335.0,408.0
chr3,99822971.0,405.0
chr6,135462053.0,404.0
chr15,41790961.0,404.0
chr22,31446540.0,404.0
chr8,33512249.0,403.0
chr18,10050736.0,403.0
chr16,84505830.0,402.0
chr7,47482792.0,401.0
chr1,210017150.0,400.0
chr4,186192549.0,400.0
chr7,138408492.0,399.0
chr3,148959055.0,399.0
chr9,121200109.0,399.0
chr20,44642679.0,399.0
chr1,45574354.0,398.0
chr6,104749376.0,397.0
chr1,61058162.0,397.0
chr3,169239317.0,396.0
chr10,103521088.0,396.0
chr3,30344055.0,395.0
chr6,69421931.0,394.0
chr16,87306338.0,393.0
chr1,153552802.0,392.0
chr13,25305623.0,391.0
chr1,201432335.0,391.0
chr16,58798706.0,391.0
chr3,177811097.0,389.0
chr13,95867882.0,388.0
chr1,83969436.0,386.0
chr6,44960976.0,386.0
chr6,52726271.0,386.0
chr7,116515984.0,385.0
chr1,42335824.0,383.0
chr3,37359426.0,382.0
chr22,22041623.0,381.0
chr6,110390292.0,381.0
chr6,52687039.0,381.0
chr1,27430903.0,380.0
chr2,189610333.0,378.0
chr9,73849146.0,378.0
chr8,53754381.0,377.0
chr11,64083029.0,377.0
chr11,77424801.0,377.0
chr3,131072886.0,375.0
chr8,55868670.0,374.0
chr1,202749828.0,374.0
chr5,34465335.0,374.0
chr6,27128912.0,374.0
chr1,167629966.0,373.0
chr15,99826290.0,373.0
chr4,71834119.0,373.0
chr8,12985374.0,372.0
chr2,66495415.0,370.0
chr2,88049201.0,370.0
chr1,185290431.0,370.0
chr1,174266991.0,369.0
chrX,135602511.0,369.0
chrX,103101799.0,369.0
chr12,105236509.0,368.0
chr11,45581216.0,367.0
chr5,95823105.0,367.0
chr2,133886742.0,367.0
chr6,130066769.0,367.0
chr22,27727378.0,366.0
chr7,108426044.0,366.0
chr5,79835473.0,366.0
chr16,89512624.0,365.0
chr5,45214599.0,364.0
chr15,85278340.0,364.0
chr10,57109428.0,364.0
chr17,44716762.0,363.0
chr11,93712973.0,362.0
chr2,172577146.0,362.0
chr4,9153680.0,360.0
chr10,16956888.0,360.0
chr22,39966733.0,359.0
chr2,48451157.0,359.0
chrX,66020537.0,358.0
chr12,71721875.0,356.0
chr10,61960012.0,356.0
chr7,43756893.0,356.0
chr16,25006572.0,355.0
chrX,46017253.0,355.0
chr17,80810295.0,354.0
chr1,158705534.0,354.0
chr1,15891909.0,353.0
chr4,38033384.0,352.0
chr4,163165196.0,352.0
chr1,183989300.0,352.0
chr6,34820084.0,351.0
chr3,100228980.0,350.0
chr12,65079924.0,348.0
chr2,65224757.0,348.0
chr5,74166213.0,348.0
chr1,177254889.0,347.0
chr6,160044006.0,346.0
chr2,65378149.0,345.0
chr5,168570968.0,345.0
chr22,23007936.0,344.0
chr7,113118336.0,343.0
chr15,95558531.0,343.0
chr1,205777107.0,343.0
chr14,69399597.0,341.0
chr7,118277380.0,341.0
chr9,84117154.0,340.0
chr8,99637227.0,340.0
chr6,113936212.0,339.0
chr8,96813298.0,337.0
chr6,84270778.0,337.0
chr9,124054800.0,337.0
chr17,48991291.0,336.0
chrX,24148369.0,335.0
chr1,203027935.0,335.0
chr17,17044226.0,335.0
chr4,127870852.0,334.0
chr1,31071301.0,333.0
chr11,68979737.0,333.0
chr8,95937009.0,333.0
chr1,206636895.0,332.0
chr1,50643182.0,332.0
chr14,59318837.0,331.0
chr16,29587285.0,331.0
chr14,34346713.0,331.0
chr5,10319547.0,330.0
chr2,171153090.0,330.0
chr13,32507265.0,329.0
chr8,38210744.0,329.0
chr9,18423503.0,328.0
chr12,92001752.0,327.0
chrX,103177004.0,325.0
chr10,4778315.0,324.0
chr5,61184389.0,323.0
chr5,144012426.0,323.0
chr21,17951347.0,323.0
chr15,74582346.0,322.0
chr1,180511769.0,322.0
chr12,93178207.0,320.0
chr1,20229397.0,320.0
chr14,88017007.0,319.0
chr6,119595018.0,318.0
chr7,91971206.0,318.0
chr19,41438923.0,318.0
chr4,99081945.0,316.0
chr16,19306559.0,315.0
chr7,157501515.0,314.0
chr9,136405590.0,314.0
chr6,27887730.0,314.0
chr20,23358600.0,313.0
chr12,11650029.0,313.0
chr8,105401377.0,313.0
chr8,100983141.0,313.0
chr3,42018586.0,312.0
chr3,20185188.0,312.0
chr22,40621491.0,312.0
chr12,77415746.0,312.0
chr7,118713996.0,312.0
chr1,223233404.0,311.0
chr1,227850221.0,310.0
chr5,139000968.0,310.0
chr15,57550781.0,310.0
chr1,116414175.0,310.0
chr17,73112623.0,310.0
chr5,164358017.0,309.0
chr7,36527654.0,308.0
chr16,14392535.0,308.0
chr5,32549052.0,307.0
chr2,222941788.0,306.0
chrX,139052497.0,306.0
chr3,42606618.0,306.0
chr7,111903999.0,306.0
chr7,68847373.0,306.0
chr21,25278179.0,304.0
chr1,153073100.0,304.0
chr9,104811916.0,302.0
chr2,104043751.0,302.0
chr2,46582747.0,302.0
chr1,3320632.0,302.0
chr8,55119080.0,302.0
chr15,57012113.0,301.0
chr6,13989548.0,300.0
chr12,78313865.0,300.0
chr2,83970468.0,300.0
chr14,31977506.0,300.0
chr4,80613410.0,300.0
chr7,84785165.0,299.0
chr17,74777263.0,298.0
chr7,32501009.0,298.0
chr7,77581971.0,297.0
chr13,108770364.0,297.0
chr15,72938365.0,296.0
chr7,116417711.0,294.0
chr3,33042227.0,294.0
chr4,179696917.0,294.0
chr15,90665979.0,294.0
chr2,64847512.0,293.0
chr9,34329614.0,293.0
chr11,2764970.0,291.0
chr9,130795298.0,290.0
chr15,62969542.0,287.0
chr3,93921705.0,286.0
chr13,37971899.0,286.0
chr10,85589153.0,286.0
chr15,90548576.0,286.0
chr19,27940819.0,286.0
chr11,113682362.0,286.0
chr12,110100443.0,285.0
chr7,44439817.0,285.0
chr15,39566123.0,285.0
chr2,172217661.0,285.0
chr4,127920295.0,284.0
chr2,149083483.0,284.0
chr16,70416091.0,284.0
chr7,137466590.0,284.0
chr6,146154733.0,283.0
chr11,20490671.0,281.0
chrX,129765160.0,280.0
chr4,40196849.0,280.0
chr20,31576199.0,280.0
chr8,9196878.0,279.0
chr7,112281286.0,279.0
chr21,21181122.0,277.0
chr10,15659687.0,277.0
chr15,44958160.0,276.0
chr1,168308421.0,275.0
chr2,47904344.0,275.0
chr7,128705992.0,275.0
chr16,84600964.0,275.0
chr3,143014754.0,275.0
chr5,85613699.0,274.0
chr21,37072452.0,273.0
chr17,43003777.0,272.0
chr4,143947567.0,272.0
chr7,158602047.0,271.0
chr9,72022791.0,271.0
chr3,32708441.0,271.0
chrX,22117799.0,270.0
chr8,139880987.0,270.0
chr1,115448106.0,269.0
chr17,62660751.0,269.0
chr4,15228875.0,269.0
chr1,155692146.0,269.0
chr1,75473888.0,268.0
chr10,86375121.0,268.0
chr3,158583521.0,267.0
chr8,108142827.0,266.0
chr8,106445462.0,266.0
chr4,70718333.0,266.0
chr5,61461690.0,265.0
chr10,127964632.0,265.0
chr7,71259388.0,265.0
chr7,127391398.0,265.0
chr7,64418742.0,264.0
chr12,93607220.0,264.0
chr11,16179151.0,264.0
chr10,20771673.0,263.0
chr7,138260611.0,260.0
chr12,244050.0,260.0
chr1,195898987.0,260.0
chr12,63781611.0,259.0
chr2,55661939.0,259.0
chr9,18989492.0,258.0
chr1,85197978.0,258.0
chr9,105700927.0,258.0
chr17,6985046.0,258.0
chr20,32665684.0,257.0
chr10,98910717.0,257.0
chr1,16621143.0,256.0
chr16,21598753.0,256.0
chr16,47736351.0,256.0
chr9,20662897.0,255.0
chr10,3692581.0,255.0
chr10,85900960.0,253.0
chr7,149838112.0,253.0
chr6,20459537.0,253.0
chr22,36540708.0,253.0
chr1,45605053.0,252.0
chr5,42016055.0,251.0
chr7,104979333.0,251.0
chr7,31793345.0,251.0
chr19,981171.0,250.0
chr5,39197104.0,250.0
chr4,128980377.0,250.0
chr19,9019326.0,249.0
chr22,20776837.0,249.0
chr10,110258404.0,249.0
chr9,91850677.0,249.0
chr10,49300173.0,248.0
chr20,22490635.0,248.0
chr1,115936324.0,248.0
chr10,15802690.0,247.0
chr10,58249259.0,247.0
chr6,104400958.0,247.0
chr2,172022392.0,245.0
chr13,96291061.0,245.0
chr1,42437484.0,245.0
chr13,103501277.0,245.0
chr15,39933918.0,244.0
chr15,90143837.0,244.0
chr7,107147685.0,243.0
chr3,55295505.0,243.0
chr6,34281933.0,242.0
chr8,127475479.0,242.0
chr4,113287258.0,241.0
chr9,37080686.0,240.0
chr6,139532290.0,239.0
chr16,84698476.0,239.0
chr12,120284481.0,237.0
chr1,147910400.0,237.0
chr5,28766358.0,237.0
chr4,154576671.0,236.0
chr2,192958075.0,236.0
chr17,14412396.0,236.0
chr6,27825101.0,235.0
chr3,136178441.0,235.0
chr2,37102865.0,235.0
chrX,138430954.0,235.0
chr1,32816359.0,233.0
chr3,12674790.0,233.0
chr14,49424134.0,233.0
chr16,56546310.0,233.0
chr3,11333428.0,231.0
chr10,89398720.0,231.0
chr11,126219943.0,231.0
chr11,31409982.0,231.0
chr7,154672677.0,230.0
chr7,12402339.0,229.0
chr14,22333904.0,229.0
chr17,82881751.0,229.0
chr1,162448191.0,229.0
chr3,120350524.0,229.0
chr15,64207909.0,228.0
chr3,50325033.0,228.0
chr4,39338061.0,227.0
chr3,98529686.0,227.0
chr6,148013194.0,227.0
chr5,60330004.0,225.0
chr3,183410330.0,225.0
chr2,71385819.0,225.0
chr7,25908577.0,224.0
chr4,53591032.0,224.0
chr3,31984694.0,223.0
chr2,27340264.0,222.0
chr10,17494762.0,222.0
chr13,29702980.0,222.0
chr5,94183174.0,222.0
chr1,169500769.0,221.0
chr15,81944998.0,221.0
chr12,100123690.0,219.0
chr5,131634573.0,218.0
chr19,40750022.0,218.0
chr3,59055494.0,218.0
chr11,116011042.0,217.0
chr8,7039164.0,217.0
chr14,74498188.0,217.0
chr11,9461263.0,217.0
chr6,47419578.0,217.0
chr5,119073882.0,216.0
chr12,76666634.0,215.0
chr12,46532227.0,215.0
chr8,60432378.0,215.0
chr1,153041568.0,214.0
chr15,73090828.0,214.0
chr5,33467411.0,214.0
chr2,53235869.0,214.0
chr17,51457470.0,214.0
chr6,65111435.0,213.0
chr11,69489564.0,213.0
chr12,91003391.0,213.0
chr15,66374120.0,213.0
chr8,56019331.0,213.0
chr1,92132364.0,212.0
chr10,554517.0,212.0
chr1,117406879.0,212.0
chr17,28902354.0,212.0
chr10,109982463.0,210.0
chr2,168347711.0,210.0
chr4,55324043.0,209.0
chr13,28692272.0,208.0
chr12,21744648.0,208.0
chr3,64023844.0,208.0
chr12,4845451.0,207.0
chr3,81761956.0,206.0
chr21,10462351.0,204.0
chr1,15795129.0,204.0
chr12,120398407.0,204.0
chr6,18785981.0,203.0
chr5,140493743.0,203.0
chr3,12710162.0,203.0
chr8,12664340.0,202.0
chr4,173173876.0,200.0
chr13,49997517.0,200.0
chr21,38803157.0,200.0
chr15,73143860.0,200.0
chr4,173243621.0,200.0
chr21,46252182.0,199.0
chr10,27244189.0,199.0
chr14,68146568.0,199.0
chr11,32799994.0,199.0
chr12,95338685.0,199.0
chr3,40173083.0,198.0
chr16,48293004.0,198.0
chr22,39863425.0,197.0
chr13,76782995.0,197.0
chr15,40826832.0,197.0
chr16,56491304.0,197.0
chr7,94000972.0,196.0
chr12,90662258.0,196.0
chr21,13973226.0,196.0
chr19,14200335.0,196.0
chr6,147538415.0,195.0
chr17,28866008.0,195.0
chr6,50937698.0,194.0
chr2,152627094.0,194.0
chr11,86185992.0,193.0
chr1,95097440.0,192.0
chr13,76023391.0,191.0
chr20,21323478.0,190.0
chr1,64673487.0,189.0
chr2,20438332.0,189.0
chr5,75381592.0,188.0
chr2,62304875.0,188.0
chr11,96312918.0,188.0
chr7,69414435.0,188.0
chr3,125286386.0,187.0
chr1,37981164.0,186.0
chr8,102328129.0,185.0
chr7,63049371.0,184.0
chr2,10730132.0,184.0
chr12,42961634.0,184.0
chr2,33020732.0,184.0
chr2,178701050.0,183.0
chr11,59858157.0,183.0
chr1,228456520.0,183.0
chr2,138520915.0,183.0
chr10,128127969.0,183.0
chr2,173049841.0,182.0
chr7,111922307.0,182.0
chr1,155835225.0,182.0
chr5,75380492.0,181.0
chr2,16505040.0,181.0
chr10,64561826.0,180.0
chr10,109256860.0,179.0
chr20,51556277.0,179.0
chr1,15662484.0,179.0
chr18,8923235.0,178.0
chr12,45007302.0,177.0
chr7,107150703.0,177.0
chr5,42856179.0,176.0
chr2,143952881.0,176.0
chr13,52435914.0,176.0
chr15,51749738.0,176.0
chr3,57100025.0,174.0
chr3,70508841.0,174.0
chr18,55746033.0,174.0
chr6,34922507.0,173.0
chr13,68591006.0,172.0
chr5,135476974.0,171.0
chr9,120876664.0,170.0
chr13,42826109.0,170.0
chrX,73846850.0,169.0
chr15,91478861.0,169.0
chr3,60261823.0,168.0
chr5,34650099.0,168.0
chr2,219400697.0,168.0
chr8,114393282.0,167.0
chr2,47420504.0,167.0
chr15,59104958.0,167.0
chr5,166683801.0,167.0
chr2,8807484.0,167.0
chr7,154752852.0,167.0
chr3,15253463.0,167.0
chr2,196328336.0,166.0
chr16,70101237.0,166.0
chr5,39399039.0,165.0
chr19,16436430.0,165.0
chr3,131072117.0,165.0
chr21,30850070.0,164.0
chr6,47628154.0,163.0
chr17,75370049.0,163.0
chr3,49979954.0,163.0
chr9,90473141.0,163.0
chr6,137905072.0,162.0
chrX,31162996.0,162.0
chr7,158946063.0,161.0
chr3,58085272.0,161.0
chr21,29597817.0,161.0
chr10,79027620.0,161.0
chrX,151288542.0,161.0
chr2,190807202.0,160.0
chr9,98949064.0,160.0
chr12,23279053.0,160.0
chr12,33606349.0,160.0
chr4,2012231.0,159.0
chr3,182370948.0,158.0
chr5,110778247.0,158.0
chr16,9152652.0,157.0
chr8,132437542.0,156.0
chr2,102340847.0,156.0
chr2,172022209.0,156.0
chr12,120897429.0,155.0
chr13,59931383.0,154.0
chr17,56926836.0,154.0
chr17,30199728.0,153.0
chr14,21889006.0,153.0
chr2,58047847.0,152.0
chr10,118804000.0,151.0
chr17,73110149.0,150.0
chrX,52857743.0,150.0
chr4,173236549.0,150.0
chr2,216864991.0,150.0
chr19,52029060.0,149.0
chr14,100010046.0,149.0
chr3,138833985.0,149.0
chr4,150328441.0,149.0
chr5,41784554.0,148.0
chr9,108094646.0,148.0
chr22,19177507.0,148.0
chrX,73852471.0,148.0
chr17,51604689.0,147.0
chr17,32962362.0,147.0
chr18,41730929.0,146.0
chr11,86201533.0,146.0
chr13,48232762.0,145.0
chr2,161143207.0,145.0
chr6,26201906.0,145.0
chr1,207173742.0,144.0
chr5,80197053.0,143.0
chr18,2796900.0,143.0
chr20,35650689.0,142.0
chr3,10330805.0,142.0
chr10,8077039.0,140.0
chr7,105122891.0,139.0
chr4,74707993.0,139.0
chr15,34597533.0,139.0
chr5,56124280.0,139.0
chr12,123993104.0,138.0
chr12,7144967.0,138.0
chr8,94447894.0,136.0
chrX,95338478.0,135.0
chr16,79711247.0,135.0
chr16,67268239.0,135.0
chr12,54301868.0,135.0
chr3,10174261.0,135.0
chr2,83792814.0,134.0
chr2,9594265.0,134.0
chr7,106986464.0,134.0
chr4,128563431.0,132.0
chr2,199364176.0,132.0
chr17,68028345.0,132.0
chr9,124288603.0,132.0
chr2,190414302.0,131.0
chr6,83946700.0,131.0
chr1,190671850.0,131.0
chr10,106819023.0,130.0
chr21,38487220.0,130.0
chr2,42335383.0,130.0
chr8,105809098.0,129.0
chr3,186980432.0,129.0
chr7,130939103.0,129.0
chr6,43862278.0,129.0
chr1,64768675.0,128.0
chr3,185558480.0,127.0
chr17,48579477.0,126.0
chr22,28255174.0,126.0
chr1,47086081.0,126.0
chr14,80749891.0,126.0
chr7,57502091.0,125.0
chr11,9179844.0,124.0
chr9,99944534.0,123.0
chr15,70305273.0,123.0
chr1,22025203.0,122.0
chr8,42474533.0,122.0
chr3,37056389.0,122.0
chr3,14627246.0,122.0
chr10,13329902.0,121.0
chr1,117576713.0,121.0
chr7,76452732.0,121.0
chr6,106932797.0,120.0
chr6,11763080.0,120.0
chr7,86653438.0,119.0
chr7,42988009.0,119.0
chr4,127512974.0,119.0
chr20,25860074.0,119.0
chr1,235783415.0,119.0
chr2,190228177.0,118.0
chr2,78182502.0,118.0
chr9,33144984.0,118.0
chr16,75067378.0,118.0
chr10,126988587.0,118.0
chr4,33755545.0,118.0
chr3,43425177.0,117.0
chr1,220499914.0,117.0
chr10,89369924.0,117.0
chr7,108090157.0,117.0
chr15,81323844.0,117.0
chr4,10171744.0,117.0
chr8,132746195.0,116.0
chr1,99036379.0,116.0
chr17,61502836.0,116.0
chr14,28916094.0,116.0
chr15,85286499.0,116.0
chr1,165839151.0,115.0
chr20,32657067.0,115.0
chr19,28797457.0,115.0
chr13,51996673.0,115.0
chr4,96093633.0,115.0
chr2,240565116.0,115.0
chr11,70399589.0,114.0
chr7,91522613.0,114.0
chr16,68165094.0,114.0
chr10,584267.0,114.0
chrX,44918275.0,113.0
chr6,107290609.0,113.0
chrX,38708627.0,112.0
chr3,119621234.0,112.0
chr8,120876014.0,111.0
chr15,34672580.0,111.0
chr7,874450.0,111.0
chr1,148523074.0,111.0
chr12,110189164.0,111.0
chr2,157730931.0,110.0
chr1,193204000.0,110.0
chr10,61778295.0,110.0
chr8,19847391.0,110.0
chr12,24927517.0,109.0
chr19,32455601.0,109.0
chr6,47216198.0,109.0
chr17,66501013.0,109.0
chr6,7070178.0,109.0
chr1,192355675.0,109.0
chr16,81752398.0,109.0
chr1,25371286.0,109.0
chr1,175315237.0,108.0
chr3,47762142.0,108.0
chr11,57905681.0,108.0
chr5,136985374.0,107.0
chr11,47643035.0,107.0
chr19,48898821.0,106.0
chr16,47636087.0,105.0
chr11,16027325.0,105.0
chr17,29727212.0,105.0
chr16,19802617.0,104.0
chr17,22142233.0,103.0
chr4,150781822.0,103.0
chr4,68272049.0,103.0
chr5,146454958.0,103.0
chr9,120794012.0,102.0
chr16,75603396.0,102.0
chr5,52158116.0,102.0
chr2,144631843.0,102.0
chr3,69752969.0,101.0
chr3,185106414.0,100.0
chr7,7868497.0,100.0
chr3,122681476.0,100.0
chr10,11177491.0,100.0
chr17,28842338.0,100.0
chr15,58602902.0,99.0
chr21,36079411.0,99.0
chr10,46451725.0,99.0
chr2,65293540.0,99.0
chr17,14209760.0,98.0
chr8,132789816.0,98.0
chr18,30701939.0,98.0
chr2,25777494.0,98.0
chr10,85936834.0,98.0
chr7,4971733.0,97.0
chr7,6055660.0,97.0
chr6,34757734.0,97.0
chr22,38847159.0,96.0
chr21,33970681.0,96.0
chr1,35680070.0,96.0
chr2,28052079.0,95.0
chr9,130804941.0,94.0
chr1,225440011.0,94.0
chr15,88988527.0,94.0
chr8,13132830.0,94.0
chr21,44010495.0,93.0
chr12,48823108.0,93.0
chr21,33266608.0,93.0
chr9,98234215.0,93.0
chr1,186005841.0,93.0
chr3,152588602.0,93.0
chr21,14764202.0,92.0
chr8,53992917.0,92.0
chr6,158647307.0,92.0
chr18,673612.0,92.0
chr1,180140267.0,92.0
chr6,2684723.0,91.0
chr9,113368700.0,91.0
chr5,139081877.0,90.0
chr1,179954115.0,90.0
chr1,154886403.0,90.0
chr4,62678699.0,89.0
chr9,96274931.0,89.0
chr10,7230156.0,89.0
chr3,179348983.0,89.0
chrX,14268083.0,88.0
chr17,73344082.0,87.0
chr16,53501286.0,87.0
chr2,12716337.0,85.0
chr15,43796408.0,85.0
chr6,27890359.0,84.0
chr1,112618560.0,84.0
chr2,46342019.0,84.0
chr6,120447929.0,84.0
chr17,78981155.0,84.0
chr9,97941174.0,83.0
chr7,50189896.0,83.0
chr1,38722969.0,83.0
chr12,56020279.0,83.0
chr16,81097008.0,83.0
chr16,89859523.0,82.0
chr18,42022590.0,82.0
chr2,204507865.0,81.0
chr2,54076404.0,81.0
chr2,33060103.0,81.0
chr7,112815075.0,80.0
chr21,17820022.0,80.0
chr20,55515533.0,80.0
chr19,18005223.0,79.0
chr6,26537259.0,79.0
chr3,71459528.0,79.0
chr7,112304557.0,79.0
chr7,148697030.0,78.0
chr12,74293258.0,78.0
chr22,41546577.0,78.0
chr1,61053812.0,78.0
chr8,143384202.0,77.0
chr6,158284830.0,76.0
chr18,36302814.0,76.0
chr7,139344194.0,76.0
chr9,96187070.0,76.0
chr7,105022529.0,76.0
chr11,61048860.0,76.0
chr7,50289278.0,75.0
chr17,57019853.0,75.0
chr5,75095693.0,73.0
chr14,76786852.0,73.0
chr22,20512331.0,73.0
chr15,62223448.0,72.0
chrX,136884963.0,72.0
chr8,125383211.0,72.0
chr11,5722940.0,72.0
chr3,120350133.0,72.0
chr15,63049444.0,71.0
chr10,83395497.0,71.0
chr6,16007123.0,71.0
chr2,195794101.0,70.0
chr3,17730827.0,70.0
chr14,81430911.0,70.0
chr15,40160133.0,70.0
chr2,37388542.0,70.0
chr6,135435782.0,69.0
chr1,17256056.0,69.0
chr2,169460100.0,69.0
chr2,64652528.0,69.0
chr20,53642568.0,68.0
chr15,72489365.0,68.0
chr2,27966599.0,68.0
chr12,50643513.0,67.0
chr3,65717105.0,67.0
chr1,194275500.0,67.0
chr3,24357514.0,67.0
chr21,13523407.0,67.0
chr7,42950336.0,67.0
chr4,77862408.0,67.0
chr7,6374271.0,67.0
chr2,131661329.0,67.0
chr17,62763874.0,66.0
chr19,17281134.0,66.0
chr1,32115450.0,66.0
chr20,36746430.0,66.0
chr7,28352484.0,65.0
chr11,32922172.0,65.0
chr14,102479721.0,64.0
chr3,53128533.0,64.0
chr1,165132818.0,63.0
chr6,155642529.0,63.0
chr17,28720749.0,63.0
chrX,24072891.0,63.0
chr15,64228689.0,63.0
chr10,61589791.0,63.0
chr4,129097820.0,63.0
chr8,128165920.0,62.0
chr3,138726245.0,62.0
chr7,6640834.0,62.0
chr4,13621305.0,62.0
chr7,9977440.0,61.0
chr10,50345508.0,61.0
chr2,24612023.0,61.0
chr6,3055011.0,61.0
chr12,93468341.0,61.0
chr4,165256616.0,61.0
chr15,87700144.0,61.0
chr2,30443179.0,60.0
chr5,146869290.0,60.0
chr2,24047646.0,60.0
chr2,173173921.0,59.0
chr10,50542056.0,58.0
chr22,37279238.0,58.0
chr6,37669557.0,58.0
chr20,41617629.0,58.0
chr2,28282018.0,58.0
chr18,49340698.0,58.0
chrX,51772574.0,57.0
chr16,46743577.0,57.0
chr11,3955666.0,56.0
chr20,51207053.0,56.0
chr12,106844289.0,56.0
chr15,42234951.0,56.0
chr5,131379764.0,55.0
chr13,39783490.0,55.0
chr5,82393777.0,55.0
chrX,152583185.0,54.0
chr3,106376639.0,54.0
chr17,55816380.0,54.0
chr2,203314839.0,54.0
chr2,222837786.0,54.0
chr15,36525638.0,53.0
chr3,151496856.0,53.0
chr18,12981565.0,52.0
chr2,26342764.0,52.0
chr2,32612516.0,52.0
chr6,44170256.0,51.0
chr17,28944912.0,51.0
chr7,107034177.0,51.0
chr19,51224148.0,51.0
chr12,116276602.0,51.0
chr7,16414030.0,51.0
chr12,113232028.0,51.0
chr21,15067505.0,50.0
chr5,134914511.0,50.0
chr1,40380230.0,50.0
chr10,34540329.0,50.0
chr8,39942346.0,50.0
chr18,79439169.0,49.0
chr6,7692210.0,49.0
chr1,7641885.0,49.0
chr5,62587724.0,49.0
chr18,7900542.0,49.0
chr11,78049148.0,48.0
chr19,48966990.0,48.0
chr11,16749461.0,48.0
chr7,22858541.0,48.0
chr3,170714808.0,47.0
chr12,113085448.0,47.0
chr2,12098174.0,47.0
chr6,138987219.0,47.0
chr7,22676559.0,47.0
chr8,122982203.0,47.0
chrX,151276769.0,46.0
chr9,136094323.0,46.0
chr1,234608522.0,46.0
chr1,42303112.0,45.0
chr3,198007586.0,45.0
chr13,72972861.0,45.0
chr1,190608461.0,45.0
chr7,74661822.0,45.0
chr5,112184936.0,45.0
chr3,99943363.0,45.0
chr4,164136583.0,45.0
chr4,54571474.0,45.0
chr9,124620688.0,44.0
chr12,55375182.0,44.0
chr5,154752124.0,44.0
chr2,85538217.0,44.0
chr3,101511528.0,44.0
chrX,136782088.0,44.0
chr6,11919535.0,43.0
chr11,14657779.0,43.0
chr2,197728913.0,43.0
chr6,47147007.0,43.0
chr20,52164836.0,43.0
chr6,5663961.0,42.0
chr5,27882435.0,42.0
chr12,33495712.0,42.0
chr2,190207292.0,41.0
chr7,32617962.0,41.0
chr14,23069119.0,41.0
chr5,136260382.0,41.0
chr10,21533303.0,41.0
chr4,35688325.0,41.0
chr5,82464970.0,40.0
chr22,20628558.0,40.0
chr3,94939631.0,40.0
chr18,69306780.0,40.0
chr2,178680984.0,40.0
chr18,7637997.0,40.0
chr11,119362259.0,40.0
chr11,38088897.0,39.0
chr6,159786650.0,39.0
chr3,141771094.0,38.0
chr7,1881578.0,38.0
chr2,150109764.0,38.0
chr4,2858649.0,38.0
chr6,72558358.0,38.0
chr15,90717103.0,38.0
chr19,11240131.0,38.0
chr1,214267595.0,38.0
chr14,68796902.0,37.0
chr15,33075652.0,37.0
chr8,19196887.0,37.0
chr12,1361957.0,37.0
chr14,96799312.0,37.0
chr2,184332112.0,37.0
chr15,88542364.0,37.0
chr2,37238594.0,37.0
chr3,5768963.0,36.0
chr8,38994613.0,36.0
chr15,40584864.0,36.0
chr21,39583665.0,36.0
chr4,62742400.0,36.0
chr10,120850631.0,36.0
chr6,27800779.0,35.0
chr5,150254362.0,35.0
chr6,161254017.0,35.0
chr8,105574137.0,35.0
chr7,15088128.0,34.0
chr3,69737039.0,34.0
chr7,78856502.0,34.0
chr7,125339712.0,34.0
chr1,28642092.0,34.0
chr18,25139801.0,34.0
chr21,25775752.0,34.0
chr20,58542868.0,33.0
chr6,56735519.0,33.0
chr5,56257889.0,33.0
chr10,110129810.0,33.0
chr18,49529322.0,33.0
chr13,73827152.0,33.0
chr17,39366177.0,32.0
chr1,111356044.0,32.0
chr14,77918765.0,32.0
chr3,13496507.0,32.0
chr15,90184300.0,32.0
chr7,75435507.0,32.0
chr7,37972353.0,32.0
chr10,7418337.0,32.0
chr5,16881891.0,31.0
chr1,244212803.0,31.0
chr20,56632293.0,31.0
chr2,48852731.0,31.0
chr1,151346848.0,31.0
chr12,51049440.0,30.0
chr13,69220116.0,30.0
chr6,155279902.0,30.0
chr12,108964739.0,29.0
chr7,46219083.0,29.0
chr2,33021695.0,29.0
chr4,167389934.0,29.0
chr12,92222933.0,29.0
chr16,3826826.0,29.0
chr10,50347041.0,29.0
chr5,133898934.0,29.0
chr16,84803877.0,28.0
chr7,111223559.0,28.0
chr4,144134756.0,28.0
chr4,39057223.0,28.0
chrUn_GL000219v1,105466.0,28.0
chr11,123131105.0,28.0
chr10,102920225.0,28.0
chr10,27109649.0,27.0
chr1,231213404.0,27.0
chr10,45470475.0,27.0
chr16,55562807.0,27.0
chr17,67442097.0,27.0
chr3,20927994.0,27.0
chr14,31979361.0,26.0
chr12,130769802.0,26.0
chr2,70452472.0,26.0
chr15,80051928.0,26.0
chr1,95120201.0,26.0
chr4,60232108.0,26.0
chr1,237381585.0,25.0
chr22,25684147.0,25.0
chr7,39645712.0,25.0
chr10,109973876.0,25.0
chr5,151016536.0,25.0
chr20,47433565.0,25.0
chr2,182521221.0,25.0
chr8,143337015.0,25.0
chrX,118677041.0,24.0
chr17,42242905.0,24.0
chrX,97424991.0,24.0
chr7,4739300.0,24.0
chr10,70663217.0,24.0
chr10,28679514.0,22.0
chr2,221343170.0,22.0
chr16,85866385.0,22.0
chr1,87307596.0,22.0
chr11,54942320.0,22.0
chr18,78479913.0,22.0
chr2,133999007.0,22.0
chr8,30469215.0,22.0
chr10,15856698.0,22.0
chr5,30291414.0,22.0
chr2,47162742.0,22.0
chr4,175462394.0,22.0
chr5,180006553.0,22.0
chr1,168862286.0,22.0
chr14,24213662.0,22.0
,,21.0
chr4,122430786.0,21.0
chr22,21624672.0,21.0
chr19,53334080.0,20.0
chr18,7408792.0,20.0
chr20,47362901.0,20.0
chr17,43148805.0,20.0
chr11,62466720.0,20.0
chr5,2049836.0,20.0
chr7,18794471.0,20.0
chr1,161409466.0,19.0
chr1,151414320.0,19.0
chr16,48288762.0,19.0
chr17,35145367.0,19.0
chr13,103494293.0,19.0
chr7,99557789.0,19.0
chr5,150026991.0,19.0
chr17,31866966.0,19.0
chr1,154524036.0,19.0
chr8,77362301.0,19.0
chr2,47197383.0,19.0
chr8,3043701.0,19.0
chr7,33374964.0,18.0
chr1,220272784.0,18.0
chr10,115337085.0,18.0
chr7,106929818.0,18.0
chr3,196050245.0,18.0
chr8,73348820.0,18.0
chr6,18482560.0,18.0
chr4,10181826.0,18.0
chr22,35299247.0,18.0
chr19,39483705.0,17.0
chr6,167641502.0,17.0
chr4,3937932.0,17.0
chr11,107800258.0,17.0
chr22,49788839.0,17.0
chr21,34081192.0,17.0
chr3,16242459.0,17.0
chr13,28441401.0,17.0
chr18,26351513.0,16.0
chr7,104414658.0,16.0
chr1,113199861.0,16.0
chr4,39713622.0,16.0
chr7,74650588.0,16.0
chr16,19189626.0,16.0
chr3,183361214.0,16.0
chr15,36706322.0,15.0
chr9,94172094.0,15.0
chr6,11925529.0,15.0
chr1,168380358.0,15.0
chr1,17016469.0,15.0
chr2,209446055.0,15.0
chr3,193660325.0,15.0
chr2,8977999.0,15.0
chr3,5212453.0,15.0
chr5,38378874.0,15.0
chr1,32177491.0,14.0
chr3,23612691.0,14.0
chr14,63752999.0,14.0
chr5,139404400.0,14.0
chr22,19362525.0,14.0
chr1,40059295.0,14.0
chr7,114142351.0,14.0
chr1,209651575.0,14.0
chr2,70085491.0,14.0
chr9,16705254.0,14.0
chr3,133934613.0,14.0
chr7,77614798.0,14.0
chr4,59796346.0,14.0
chr6,52585441.0,14.0
chr14,76950350.0,14.0
chr20,33270569.0,14.0
chr17,27305886.0,14.0
chr8,95929400.0,13.0
chr6,73523959.0,13.0
chr14,73042962.0,13.0
chr2,10126568.0,13.0
chr2,72025346.0,13.0
chr2,23994056.0,13.0
chr11,114295740.0,13.0
chr4,127880439.0,13.0
chr2,42543787.0,13.0
chr11,77174240.0,13.0
chrX,3678459.0,13.0
chr3,183301179.0,13.0
chr9,95984074.0,13.0
chr4,128977510.0,12.0
chr7,149655699.0,12.0
chr2,20457943.0,12.0
chr12,107613878.0,12.0
chr6,6886078.0,12.0
chr16,75574769.0,12.0
chr4,40173756.0,12.0
chr3,138935898.0,12.0
chr20,11912699.0,12.0
chr1,50930943.0,12.0
chr3,72580949.0,12.0
chr7,97510826.0,12.0
chr2,208544312.0,12.0
chr20,62251428.0,12.0
chr16,24900243.0,12.0
chr12,57417957.0,12.0
chr5,12366458.0,12.0
chr9,32538587.0,12.0
chr10,61776711.0,11.0
chr2,230022008.0,11.0
chr9,105693879.0,11.0
chr10,118420147.0,11.0
chr2,101106350.0,11.0
chr12,57865238.0,11.0
chr1,173116825.0,11.0
chr12,57457745.0,11.0
chr1,151198601.0,11.0
chr4,61682243.0,11.0
chr7,106972868.0,11.0
chr14,54502599.0,10.0
chr17,16419489.0,10.0
chr8,93497290.0,10.0
chr5,76320020.0,10.0
chr2,173224321.0,10.0
chr7,75521029.0,10.0
chr3,117831424.0,10.0
chr7,152926560.0,10.0
chr5,98763972.0,10.0
chr17,6868355.0,10.0
chr19,37655671.0,10.0
chr19,38251891.0,10.0
